[
  {
    "node_1": "方剂\t方剂",
    "relation": "include",
    "node_2": "方名\t葛根汤"
  },
  {
    "node_1": "方名\t葛根汤",
    "relation": "from",
    "node_2": "来源\t《伤寒论》"
  },
  {
    "node_1": "方名\t葛根汤",
    "relation": "functions",
    "node_2": "功能主治\t无汗恶风"
  },
  {
    "node_1": "方名\t葛根汤",
    "relation": "functions",
    "node_2": "功能主治\t项背几几"
  },
  {
    "node_1": "方名\t葛根汤",
    "relation": "functions",
    "node_2": "功能主治\t痤疮"
  },
  {
    "node_1": "方名\t葛根汤",
    "relation": "functions",
    "node_2": "功能主治\t以发胖为主的多囊卵巢综合症"
  },
  {
    "node_1": "方名\t葛根汤",
    "relation": "functions",
    "node_2": "功能主治\t治太阳病"
  },
  {
    "node_1": "方名\t葛根汤",
    "relation": "functions",
    "node_2": "功能主治\t小便少"
  },
  {
    "node_1": "方名\t葛根汤",
    "relation": "functions",
    "node_2": "功能主治\t无汗"
  },
  {
    "node_1": "方名\t葛根汤",
    "relation": "functions",
    "node_2": "功能主治\t口噤不语"
  },
  {
    "node_1": "方名\t葛根汤",
    "relation": "functions",
    "node_2": "功能主治\t痉病"
  },
  {
    "node_1": "方名\t葛根汤",
    "relation": "functions",
    "node_2": "功能主治\t解肌发汗"
  },
  {
    "node_1": "方名\t葛根汤",
    "relation": "functions",
    "node_2": "功能主治\t或自下利"
  },
  {
    "node_1": "方名\t葛根汤",
    "relation": "functions",
    "node_2": "功能主治\t疏散风寒"
  },
  {
    "node_1": "方名\t葛根汤",
    "relation": "functions",
    "node_2": "功能主治\t或卒倒僵仆"
  },
  {
    "node_1": "方名\t葛根汤",
    "relation": "functions",
    "node_2": "功能主治\t项背强"
  },
  {
    "node_1": "方名\t葛根汤",
    "relation": "functions",
    "node_2": "功能主治\t太阳阳明合病下利"
  },
  {
    "node_1": "方名\t葛根汤",
    "relation": "functions",
    "node_2": "功能主治\t或血衄"
  },
  {
    "node_1": "方名\t葛根汤",
    "relation": "functions",
    "node_2": "功能主治\t气上冲胸"
  },
  {
    "node_1": "方名\t葛根汤",
    "relation": "functions",
    "node_2": "功能主治\t现代还能治颈椎病"
  },
  {
    "node_1": "方名\t葛根汤",
    "relation": "functions",
    "node_2": "功能主治\t外感风寒表实"
  },
  {
    "node_1": "方名\t葛根汤",
    "relation": "prescription type",
    "node_2": "处方\t葛根汤"
  },
  {
    "node_1": "处方\t葛根汤",
    "relation": "composition",
    "node_2": "中药名\t葛根"
  },
  {
    "node_1": "中药名\t葛根",
    "relation": "dose",
    "node_2": "剂量\t四两（12g）"
  },
  {
    "node_1": "处方\t葛根汤",
    "relation": "composition",
    "node_2": "中药名\t麻黄"
  },
  {
    "node_1": "中药名\t麻黄",
    "relation": "dose",
    "node_2": "剂量\t三两（9g）"
  },
  {
    "node_1": "处方\t葛根汤",
    "relation": "composition",
    "node_2": "中药名\t桂枝"
  },
  {
    "node_1": "中药名\t桂枝",
    "relation": "dose",
    "node_2": "剂量\t二两（6g）"
  },
  {
    "node_1": "处方\t葛根汤",
    "relation": "composition",
    "node_2": "中药名\t芍药"
  },
  {
    "node_1": "中药名\t芍药",
    "relation": "dose",
    "node_2": "剂量\t二两（6g）"
  },
  {
    "node_1": "处方\t葛根汤",
    "relation": "composition",
    "node_2": "中药名\t甘草"
  },
  {
    "node_1": "中药名\t甘草",
    "relation": "dose",
    "node_2": "剂量\t二两（6g）"
  },
  {
    "node_1": "处方\t葛根汤",
    "relation": "composition",
    "node_2": "中药名\t生姜"
  },
  {
    "node_1": "中药名\t生姜",
    "relation": "dose",
    "node_2": "剂量\t三两（9g）"
  },
  {
    "node_1": "处方\t葛根汤",
    "relation": "composition",
    "node_2": "中药名\t大枣"
  },
  {
    "node_1": "中药名\t大枣",
    "relation": "dose",
    "node_2": "剂量\t十二枚"
  }
]