[
  {
    "node_1": "方剂\t方剂",
    "relation": "include",
    "node_2": "方名\t参附龙牡汤"
  },
  {
    "node_1": "方名\t参附龙牡汤",
    "relation": "functions",
    "node_2": "功能主治\t扶正固脱"
  },
  {
    "node_1": "方名\t参附龙牡汤",
    "relation": "functions",
    "node_2": "功能主治\t面色浮红"
  },
  {
    "node_1": "方名\t参附龙牡汤",
    "relation": "functions",
    "node_2": "功能主治\t症见汗出肢冷"
  },
  {
    "node_1": "方名\t参附龙牡汤",
    "relation": "functions",
    "node_2": "功能主治\t敛汗潜阳"
  },
  {
    "node_1": "方名\t参附龙牡汤",
    "relation": "functions",
    "node_2": "功能主治\t主治阴阳俱竭、阳越于上证"
  },
  {
    "node_1": "方名\t参附龙牡汤",
    "relation": "functions",
    "node_2": "功能主治\t脉虚数或浮大无根"
  },
  {
    "node_1": "方名\t参附龙牡汤",
    "relation": "prescription type",
    "node_2": "处方\t参附龙牡汤"
  },
  {
    "node_1": "处方\t参附龙牡汤",
    "relation": "composition",
    "node_2": "中药名\t熟附子"
  },
  {
    "node_1": "中药名\t熟附子",
    "relation": "dose",
    "node_2": "剂量\t10~30g"
  },
  {
    "node_1": "处方\t参附龙牡汤",
    "relation": "composition",
    "node_2": "中药名\t人参"
  },
  {
    "node_1": "中药名\t人参",
    "relation": "dose",
    "node_2": "剂量\t10~30g"
  },
  {
    "node_1": "处方\t参附龙牡汤",
    "relation": "composition",
    "node_2": "中药名\t龙骨"
  },
  {
    "node_1": "中药名\t龙骨",
    "relation": "dose",
    "node_2": "剂量\t10~25g"
  },
  {
    "node_1": "处方\t参附龙牡汤",
    "relation": "composition",
    "node_2": "中药名\t牡蛎"
  },
  {
    "node_1": "中药名\t牡蛎",
    "relation": "dose",
    "node_2": "剂量\t10~25g"
  },
  {
    "node_1": "处方\t参附龙牡汤",
    "relation": "composition",
    "node_2": "中药名\t白芍"
  },
  {
    "node_1": "中药名\t白芍",
    "relation": "dose",
    "node_2": "剂量\t5g"
  },
  {
    "node_1": "处方\t参附龙牡汤",
    "relation": "composition",
    "node_2": "中药名\t炙甘草"
  },
  {
    "node_1": "中药名\t炙甘草",
    "relation": "dose",
    "node_2": "剂量\t5g"
  }
]