[
  {
    "node_1": "方剂\t方剂",
    "relation": "include",
    "node_2": "方名\t保元汤"
  },
  {
    "node_1": "方名\t保元汤",
    "relation": "from",
    "node_2": "来源\t《博爱心鉴》"
  },
  {
    "node_1": "方名\t保元汤",
    "relation": "functions",
    "node_2": "功能主治\t元气不足"
  },
  {
    "node_1": "方名\t保元汤",
    "relation": "functions",
    "node_2": "功能主治\t心肌梗死"
  },
  {
    "node_1": "方名\t保元汤",
    "relation": "functions",
    "node_2": "功能主治\t血虚浆清"
  },
  {
    "node_1": "方名\t保元汤",
    "relation": "functions",
    "node_2": "功能主治\t补气温阳"
  },
  {
    "node_1": "方名\t保元汤",
    "relation": "functions",
    "node_2": "功能主治\t治疗冠心病心力衰竭"
  },
  {
    "node_1": "方名\t保元汤",
    "relation": "functions",
    "node_2": "功能主治\t痘疮阳虚顶陷"
  },
  {
    "node_1": "方名\t保元汤",
    "relation": "functions",
    "node_2": "功能主治\t小儿惊恐症"
  },
  {
    "node_1": "方名\t保元汤",
    "relation": "functions",
    "node_2": "功能主治\t贫血"
  },
  {
    "node_1": "方名\t保元汤",
    "relation": "functions",
    "node_2": "功能主治\t胃脘痛"
  },
  {
    "node_1": "方名\t保元汤",
    "relation": "functions",
    "node_2": "功能主治\t慢性肝炎"
  },
  {
    "node_1": "方名\t保元汤",
    "relation": "functions",
    "node_2": "功能主治\t白细胞减少症"
  },
  {
    "node_1": "方名\t保元汤",
    "relation": "functions",
    "node_2": "功能主治\t虚损劳怯"
  },
  {
    "node_1": "方名\t保元汤",
    "relation": "functions",
    "node_2": "功能主治\t重症肌无力"
  },
  {
    "node_1": "方名\t保元汤",
    "relation": "functions",
    "node_2": "功能主治\t慢性肾功能不全"
  },
  {
    "node_1": "方名\t保元汤",
    "relation": "functions",
    "node_2": "功能主治\t不能发起灌浆者"
  },
  {
    "node_1": "方名\t保元汤",
    "relation": "prescription type",
    "node_2": "处方\t保元汤"
  },
  {
    "node_1": "处方\t保元汤",
    "relation": "composition",
    "node_2": "中药名\t人参"
  },
  {
    "node_1": "中药名\t人参",
    "relation": "dose",
    "node_2": "剂量\t一钱(3克)"
  },
  {
    "node_1": "处方\t保元汤",
    "relation": "composition",
    "node_2": "中药名\t黄芪"
  },
  {
    "node_1": "中药名\t黄芪",
    "relation": "dose",
    "node_2": "剂量\t三钱(9克)"
  },
  {
    "node_1": "处方\t保元汤",
    "relation": "composition",
    "node_2": "中药名\t甘草"
  },
  {
    "node_1": "中药名\t甘草",
    "relation": "dose",
    "node_2": "剂量\t一钱(3克)"
  },
  {
    "node_1": "处方\t保元汤",
    "relation": "composition",
    "node_2": "中药名\t肉桂"
  },
  {
    "node_1": "中药名\t肉桂",
    "relation": "dose",
    "node_2": "剂量\t五至七分(1.5～2克)"
  }
]