[
  {
    "node_1": "方剂\t方剂",
    "relation": "include",
    "node_2": "方名\t二甲复脉汤2"
  },
  {
    "node_1": "方名\t二甲复脉汤2",
    "relation": "from",
    "node_2": "来源\t《温病条辨》卷三"
  },
  {
    "node_1": "方名\t二甲复脉汤2",
    "relation": "functions",
    "node_2": "功能主治\t有发痉厥之势"
  },
  {
    "node_1": "方名\t二甲复脉汤2",
    "relation": "functions",
    "node_2": "功能主治\t手指微微蠕动"
  },
  {
    "node_1": "方名\t二甲复脉汤2",
    "relation": "functions",
    "node_2": "功能主治\t或痉厥己作者"
  },
  {
    "node_1": "方名\t二甲复脉汤2",
    "relation": "functions",
    "node_2": "功能主治\t舌干齿黑"
  },
  {
    "node_1": "方名\t二甲复脉汤2",
    "relation": "functions",
    "node_2": "功能主治\t主温病热邪深入下焦"
  },
  {
    "node_1": "方名\t二甲复脉汤2",
    "relation": "functions",
    "node_2": "功能主治\t脉象沉数"
  },
  {
    "node_1": "方名\t二甲复脉汤2",
    "relation": "functions",
    "node_2": "功能主治\t育阴潜阴"
  },
  {
    "node_1": "方名\t二甲复脉汤2",
    "relation": "prescription type",
    "node_2": "处方\t二甲复脉汤2"
  },
  {
    "node_1": "处方\t二甲复脉汤2",
    "relation": "composition",
    "node_2": "中药名\t生牡蛎"
  },
  {
    "node_1": "中药名\t生牡蛎",
    "relation": "dose",
    "node_2": "剂量\t5钱"
  },
  {
    "node_1": "处方\t二甲复脉汤2",
    "relation": "composition",
    "node_2": "中药名\t生鳖甲"
  },
  {
    "node_1": "中药名\t生鳖甲",
    "relation": "dose",
    "node_2": "剂量\t8钱"
  }
]