[
  {
    "node_1": "方剂\t方剂",
    "relation": "include",
    "node_2": "方名\t助仙丹"
  },
  {
    "node_1": "方名\t助仙丹",
    "relation": "from",
    "node_2": "来源\t《傅青主女科》"
  },
  {
    "node_1": "方名\t助仙丹",
    "relation": "functions",
    "node_2": "功能主治\t纳呆便溏"
  },
  {
    "node_1": "方名\t助仙丹",
    "relation": "functions",
    "node_2": "功能主治\t苔薄白"
  },
  {
    "node_1": "方名\t助仙丹",
    "relation": "functions",
    "node_2": "功能主治\t头晕耳鸣"
  },
  {
    "node_1": "方名\t助仙丹",
    "relation": "functions",
    "node_2": "功能主治\t滋补精血"
  },
  {
    "node_1": "方名\t助仙丹",
    "relation": "functions",
    "node_2": "功能主治\t气短神疲"
  },
  {
    "node_1": "方名\t助仙丹",
    "relation": "functions",
    "node_2": "功能主治\t脉沉缓或沉弱"
  },
  {
    "node_1": "方名\t助仙丹",
    "relation": "functions",
    "node_2": "功能主治\t倦怠乏力"
  },
  {
    "node_1": "方名\t助仙丹",
    "relation": "functions",
    "node_2": "功能主治\t量多或量少"
  },
  {
    "node_1": "方名\t助仙丹",
    "relation": "functions",
    "node_2": "功能主治\t质稀"
  },
  {
    "node_1": "方名\t助仙丹",
    "relation": "functions",
    "node_2": "功能主治\t脾肾两虚所致的闭经"
  },
  {
    "node_1": "方名\t助仙丹",
    "relation": "functions",
    "node_2": "功能主治\t健脾益肾"
  },
  {
    "node_1": "方名\t助仙丹",
    "relation": "functions",
    "node_2": "功能主治\t月经数月一行"
  },
  {
    "node_1": "方名\t助仙丹",
    "relation": "functions",
    "node_2": "功能主治\t舌质淡"
  },
  {
    "node_1": "方名\t助仙丹",
    "relation": "functions",
    "node_2": "功能主治\t色淡"
  },
  {
    "node_1": "方名\t助仙丹",
    "relation": "functions",
    "node_2": "功能主治\t夜间尿频"
  },
  {
    "node_1": "方名\t助仙丹",
    "relation": "functions",
    "node_2": "功能主治\t腰膝酸楚"
  },
  {
    "node_1": "方名\t助仙丹",
    "relation": "prescription type",
    "node_2": "处方\t助仙丹"
  },
  {
    "node_1": "处方\t助仙丹",
    "relation": "composition",
    "node_2": "中药名\t白茯苓"
  },
  {
    "node_1": "中药名\t白茯苓",
    "relation": "dose",
    "node_2": "剂量\t五钱（15g）"
  },
  {
    "node_1": "处方\t助仙丹",
    "relation": "composition",
    "node_2": "中药名\t陈皮"
  },
  {
    "node_1": "中药名\t陈皮",
    "relation": "dose",
    "node_2": "剂量\t五钱（15g）"
  },
  {
    "node_1": "处方\t助仙丹",
    "relation": "composition",
    "node_2": "中药名\t白术"
  },
  {
    "node_1": "中药名\t白术",
    "relation": "dose",
    "node_2": "剂量\t三钱（9g）"
  },
  {
    "node_1": "处方\t助仙丹",
    "relation": "composition",
    "node_2": "中药名\t土炒白芍"
  },
  {
    "node_1": "中药名\t土炒白芍",
    "relation": "dose",
    "node_2": "剂量\t三钱（9g）"
  },
  {
    "node_1": "处方\t助仙丹",
    "relation": "composition",
    "node_2": "中药名\t酒炒山药"
  },
  {
    "node_1": "中药名\t酒炒山药",
    "relation": "dose",
    "node_2": "剂量\t三钱（9g）"
  },
  {
    "node_1": "处方\t助仙丹",
    "relation": "composition",
    "node_2": "中药名\t炒菟丝子"
  },
  {
    "node_1": "中药名\t炒菟丝子",
    "relation": "dose",
    "node_2": "剂量\t二钱（6g）"
  },
  {
    "node_1": "处方\t助仙丹",
    "relation": "composition",
    "node_2": "中药名\t酒炒杜仲"
  },
  {
    "node_1": "中药名\t酒炒杜仲",
    "relation": "dose",
    "node_2": "剂量\t一钱（3g）"
  },
  {
    "node_1": "处方\t助仙丹",
    "relation": "composition",
    "node_2": "中药名\t炒黑甘草"
  },
  {
    "node_1": "中药名\t炒黑甘草",
    "relation": "dose",
    "node_2": "剂量\t3g"
  }
]