[
  {
    "node_1": "方剂\t方剂",
    "relation": "include",
    "node_2": "方名\t麻黄连翘赤小豆汤"
  },
  {
    "node_1": "方名\t麻黄连翘赤小豆汤",
    "relation": "from",
    "node_2": "来源\t《伤寒论》"
  },
  {
    "node_1": "方名\t麻黄连翘赤小豆汤",
    "relation": "functions",
    "node_2": "功能主治\t热蕴郁于内，外阻经络肌肤之病候"
  },
  {
    "node_1": "方名\t麻黄连翘赤小豆汤",
    "relation": "functions",
    "node_2": "功能主治\t湿热蕴郁于内，外阻经络肌肤之病候"
  },
  {
    "node_1": "方名\t麻黄连翘赤小豆汤",
    "relation": "prescription type",
    "node_2": "处方\t麻黄连翘赤小豆汤"
  },
  {
    "node_1": "处方\t麻黄连翘赤小豆汤",
    "relation": "composition",
    "node_2": "中药名\t麻黄"
  },
  {
    "node_1": "中药名\t麻黄",
    "relation": "dose",
    "node_2": "剂量\t6克"
  },
  {
    "node_1": "处方\t麻黄连翘赤小豆汤",
    "relation": "composition",
    "node_2": "中药名\t连翘"
  },
  {
    "node_1": "中药名\t连翘",
    "relation": "dose",
    "node_2": "剂量\t9克"
  },
  {
    "node_1": "处方\t麻黄连翘赤小豆汤",
    "relation": "composition",
    "node_2": "中药名\t杏仁"
  },
  {
    "node_1": "中药名\t杏仁",
    "relation": "dose",
    "node_2": "剂量\t9克"
  },
  {
    "node_1": "处方\t麻黄连翘赤小豆汤",
    "relation": "composition",
    "node_2": "中药名\t赤小豆"
  },
  {
    "node_1": "中药名\t赤小豆",
    "relation": "dose",
    "node_2": "剂量\t30克"
  },
  {
    "node_1": "处方\t麻黄连翘赤小豆汤",
    "relation": "composition",
    "node_2": "中药名\t大枣"
  },
  {
    "node_1": "中药名\t大枣",
    "relation": "dose",
    "node_2": "剂量\t12枚"
  },
  {
    "node_1": "处方\t麻黄连翘赤小豆汤",
    "relation": "composition",
    "node_2": "中药名\t桑白皮"
  },
  {
    "node_1": "中药名\t桑白皮",
    "relation": "dose",
    "node_2": "剂量\t10克"
  },
  {
    "node_1": "处方\t麻黄连翘赤小豆汤",
    "relation": "composition",
    "node_2": "中药名\t生姜"
  },
  {
    "node_1": "中药名\t生姜",
    "relation": "dose",
    "node_2": "剂量\t6克"
  },
  {
    "node_1": "处方\t麻黄连翘赤小豆汤",
    "relation": "composition",
    "node_2": "中药名\t炙甘草"
  },
  {
    "node_1": "中药名\t炙甘草",
    "relation": "dose",
    "node_2": "剂量\t6克"
  }
]