[
  {
    "node_1": "方剂\t方剂",
    "relation": "include",
    "node_2": "方名\t木香顺气丸"
  },
  {
    "node_1": "方名\t木香顺气丸",
    "relation": "from",
    "node_2": "来源\t《全国中药成药处方集》(人民卫生出版社)。"
  },
  {
    "node_1": "方名\t木香顺气丸",
    "relation": "functions",
    "node_2": "功能主治\t舌苔厚或白或黄"
  },
  {
    "node_1": "方名\t木香顺气丸",
    "relation": "functions",
    "node_2": "功能主治\t腹腔镜术后肩部疼痛"
  },
  {
    "node_1": "方名\t木香顺气丸",
    "relation": "functions",
    "node_2": "功能主治\t胸中血瘀、血行不畅所致的胸痛"
  },
  {
    "node_1": "方名\t木香顺气丸",
    "relation": "functions",
    "node_2": "功能主治\t呕吐恶心"
  },
  {
    "node_1": "方名\t木香顺气丸",
    "relation": "functions",
    "node_2": "功能主治\t细菌性痢疾"
  },
  {
    "node_1": "方名\t木香顺气丸",
    "relation": "functions",
    "node_2": "功能主治\t慢性胃炎"
  },
  {
    "node_1": "方名\t木香顺气丸",
    "relation": "functions",
    "node_2": "功能主治\t舌质暗红、有瘀斑或瘀点"
  },
  {
    "node_1": "方名\t木香顺气丸",
    "relation": "functions",
    "node_2": "功能主治\t活血祛瘀"
  },
  {
    "node_1": "方名\t木香顺气丸",
    "relation": "functions",
    "node_2": "功能主治\t骨科挫伤所致气滞胀痛"
  },
  {
    "node_1": "方名\t木香顺气丸",
    "relation": "functions",
    "node_2": "功能主治\t湿浊中阻、脾胃不和所致的胸膈痞闷"
  },
  {
    "node_1": "方名\t木香顺气丸",
    "relation": "functions",
    "node_2": "功能主治\t食少纳呆"
  },
  {
    "node_1": "方名\t木香顺气丸",
    "relation": "functions",
    "node_2": "功能主治\t嗳气纳呆"
  },
  {
    "node_1": "方名\t木香顺气丸",
    "relation": "functions",
    "node_2": "功能主治\t脘腹胀痛"
  },
  {
    "node_1": "方名\t木香顺气丸",
    "relation": "functions",
    "node_2": "功能主治\t行气止痛"
  },
  {
    "node_1": "方名\t木香顺气丸",
    "relation": "functions",
    "node_2": "功能主治\t行气化湿"
  },
  {
    "node_1": "方名\t木香顺气丸",
    "relation": "functions",
    "node_2": "功能主治\t嗳腐吞酸"
  },
  {
    "node_1": "方名\t木香顺气丸",
    "relation": "functions",
    "node_2": "功能主治\t抑菌"
  },
  {
    "node_1": "方名\t木香顺气丸",
    "relation": "functions",
    "node_2": "功能主治\t胃脘疼痛"
  },
  {
    "node_1": "方名\t木香顺气丸",
    "relation": "functions",
    "node_2": "功能主治\t脉弦滑或沉滑有力"
  },
  {
    "node_1": "方名\t木香顺气丸",
    "relation": "functions",
    "node_2": "功能主治\t头痛"
  },
  {
    "node_1": "方名\t木香顺气丸",
    "relation": "functions",
    "node_2": "功能主治\t入暮渐热"
  },
  {
    "node_1": "方名\t木香顺气丸",
    "relation": "functions",
    "node_2": "功能主治\t调节胃肠功能"
  },
  {
    "node_1": "方名\t木香顺气丸",
    "relation": "functions",
    "node_2": "功能主治\t痛如针刺而有定处"
  },
  {
    "node_1": "方名\t木香顺气丸",
    "relation": "functions",
    "node_2": "功能主治\t气郁食滞所致的胸胁胀满"
  },
  {
    "node_1": "方名\t木香顺气丸",
    "relation": "functions",
    "node_2": "功能主治\t不思饮食"
  },
  {
    "node_1": "方名\t木香顺气丸",
    "relation": "functions",
    "node_2": "功能主治\t心悸失眠"
  },
  {
    "node_1": "方名\t木香顺气丸",
    "relation": "functions",
    "node_2": "功能主治\t或有恶心呕吐"
  },
  {
    "node_1": "方名\t木香顺气丸",
    "relation": "functions",
    "node_2": "功能主治\t日久不愈"
  },
  {
    "node_1": "方名\t木香顺气丸",
    "relation": "functions",
    "node_2": "功能主治\t健脾和胃"
  },
  {
    "node_1": "方名\t木香顺气丸",
    "relation": "functions",
    "node_2": "功能主治\t现代药理研究表明本方主要有助消化"
  },
  {
    "node_1": "方名\t木香顺气丸",
    "relation": "functions",
    "node_2": "功能主治\t消积化滞"
  },
  {
    "node_1": "方名\t木香顺气丸",
    "relation": "functions",
    "node_2": "功能主治\t大便不爽"
  },
  {
    "node_1": "方名\t木香顺气丸",
    "relation": "functions",
    "node_2": "功能主治\t急性胃肠炎"
  },
  {
    "node_1": "方名\t木香顺气丸",
    "relation": "functions",
    "node_2": "功能主治\t脉涩或弦紧"
  },
  {
    "node_1": "方名\t木香顺气丸",
    "relation": "functions",
    "node_2": "功能主治\t或呃逆日久不止"
  },
  {
    "node_1": "方名\t木香顺气丸",
    "relation": "functions",
    "node_2": "功能主治\t暖气呕恶"
  },
  {
    "node_1": "方名\t木香顺气丸",
    "relation": "functions",
    "node_2": "功能主治\t临床主要用于治疗饮食不节所致消化不良"
  },
  {
    "node_1": "方名\t木香顺气丸",
    "relation": "functions",
    "node_2": "功能主治\t或内热烦闷"
  },
  {
    "node_1": "方名\t木香顺气丸",
    "relation": "functions",
    "node_2": "功能主治\t吐后痛减"
  },
  {
    "node_1": "方名\t木香顺气丸",
    "relation": "prescription type",
    "node_2": "处方\t木香顺气丸"
  },
  {
    "node_1": "处方\t木香顺气丸",
    "relation": "composition",
    "node_2": "中药名\t木香"
  },
  {
    "node_1": "中药名\t木香",
    "relation": "dose",
    "node_2": "剂量\t适量"
  },
  {
    "node_1": "处方\t木香顺气丸",
    "relation": "composition",
    "node_2": "中药名\t砂仁"
  },
  {
    "node_1": "中药名\t砂仁",
    "relation": "dose",
    "node_2": "剂量\t适量"
  },
  {
    "node_1": "处方\t木香顺气丸",
    "relation": "composition",
    "node_2": "中药名\t醋香附"
  },
  {
    "node_1": "中药名\t醋香附",
    "relation": "dose",
    "node_2": "剂量\t适量"
  },
  {
    "node_1": "处方\t木香顺气丸",
    "relation": "composition",
    "node_2": "中药名\t槟榔"
  },
  {
    "node_1": "中药名\t槟榔",
    "relation": "dose",
    "node_2": "剂量\t适量"
  },
  {
    "node_1": "处方\t木香顺气丸",
    "relation": "composition",
    "node_2": "中药名\t甘草"
  },
  {
    "node_1": "中药名\t甘草",
    "relation": "dose",
    "node_2": "剂量\t适量"
  },
  {
    "node_1": "处方\t木香顺气丸",
    "relation": "composition",
    "node_2": "中药名\t陈皮"
  },
  {
    "node_1": "中药名\t陈皮",
    "relation": "dose",
    "node_2": "剂量\t适量"
  },
  {
    "node_1": "处方\t木香顺气丸",
    "relation": "composition",
    "node_2": "中药名\t厚朴"
  },
  {
    "node_1": "中药名\t厚朴",
    "relation": "dose",
    "node_2": "剂量\t适量"
  },
  {
    "node_1": "处方\t木香顺气丸",
    "relation": "composition",
    "node_2": "中药名\t枳壳(炒)"
  },
  {
    "node_1": "中药名\t枳壳(炒)",
    "relation": "dose",
    "node_2": "剂量\t适量"
  },
  {
    "node_1": "处方\t木香顺气丸",
    "relation": "composition",
    "node_2": "中药名\t苍术(炒)"
  },
  {
    "node_1": "中药名\t苍术(炒)",
    "relation": "dose",
    "node_2": "剂量\t适量"
  },
  {
    "node_1": "处方\t木香顺气丸",
    "relation": "composition",
    "node_2": "中药名\t青皮(炒)"
  },
  {
    "node_1": "中药名\t青皮(炒)",
    "relation": "dose",
    "node_2": "剂量\t适量"
  },
  {
    "node_1": "处方\t木香顺气丸",
    "relation": "composition",
    "node_2": "中药名\t生姜"
  },
  {
    "node_1": "中药名\t生姜",
    "relation": "dose",
    "node_2": "剂量\t适量"
  }
]