[
  {
    "node_1": "方剂\t方剂",
    "relation": "include",
    "node_2": "方名\t麻黄甘草汤"
  },
  {
    "node_1": "方名\t麻黄甘草汤",
    "relation": "from",
    "node_2": "来源\t《金匮》卷中；《伤寒总病论》卷四；《圣济总录》卷二十二"
  },
  {
    "node_1": "方名\t麻黄甘草汤",
    "relation": "functions",
    "node_2": "功能主治\t祛湿止痛"
  },
  {
    "node_1": "方名\t麻黄甘草汤",
    "relation": "functions",
    "node_2": "功能主治\t小便不利"
  },
  {
    "node_1": "方名\t麻黄甘草汤",
    "relation": "functions",
    "node_2": "功能主治\t主治烦喘"
  },
  {
    "node_1": "方名\t麻黄甘草汤",
    "relation": "functions",
    "node_2": "功能主治\t疏风散寒"
  },
  {
    "node_1": "方名\t麻黄甘草汤",
    "relation": "functions",
    "node_2": "功能主治\t其脉沉"
  },
  {
    "node_1": "方名\t麻黄甘草汤",
    "relation": "functions",
    "node_2": "功能主治\t止咳平喘"
  },
  {
    "node_1": "方名\t麻黄甘草汤",
    "relation": "functions",
    "node_2": "功能主治\t一身面目黄肿"
  },
  {
    "node_1": "方名\t麻黄甘草汤",
    "relation": "functions",
    "node_2": "功能主治\t里水"
  },
  {
    "node_1": "方名\t麻黄甘草汤",
    "relation": "functions",
    "node_2": "功能主治\t主治伤寒头痛身热"
  },
  {
    "node_1": "方名\t麻黄甘草汤",
    "relation": "functions",
    "node_2": "功能主治\t主治咽喉壅塞"
  },
  {
    "node_1": "方名\t麻黄甘草汤",
    "relation": "functions",
    "node_2": "功能主治\t主治语声不出"
  },
  {
    "node_1": "方名\t麻黄甘草汤",
    "relation": "prescription type",
    "node_2": "处方\t麻黄甘草汤"
  },
  {
    "node_1": "处方\t麻黄甘草汤",
    "relation": "composition",
    "node_2": "中药名\t麻黄"
  },
  {
    "node_1": "中药名\t麻黄",
    "relation": "dose",
    "node_2": "剂量\t3分"
  },
  {
    "node_1": "处方\t麻黄甘草汤",
    "relation": "composition",
    "node_2": "中药名\t地骨皮"
  },
  {
    "node_1": "中药名\t地骨皮",
    "relation": "dose",
    "node_2": "剂量\t半两"
  },
  {
    "node_1": "处方\t麻黄甘草汤",
    "relation": "composition",
    "node_2": "中药名\t玄参"
  },
  {
    "node_1": "中药名\t玄参",
    "relation": "dose",
    "node_2": "剂量\t半两"
  },
  {
    "node_1": "处方\t麻黄甘草汤",
    "relation": "composition",
    "node_2": "中药名\t五味子"
  },
  {
    "node_1": "中药名\t五味子",
    "relation": "dose",
    "node_2": "剂量\t3分"
  },
  {
    "node_1": "处方\t麻黄甘草汤",
    "relation": "composition",
    "node_2": "中药名\t甘草"
  },
  {
    "node_1": "中药名\t甘草",
    "relation": "dose",
    "node_2": "剂量\t1分"
  },
  {
    "node_1": "处方\t麻黄甘草汤",
    "relation": "composition",
    "node_2": "中药名\t干姜"
  },
  {
    "node_1": "中药名\t干姜",
    "relation": "dose",
    "node_2": "剂量\t1分"
  },
  {
    "node_1": "处方\t麻黄甘草汤",
    "relation": "composition",
    "node_2": "中药名\t附子"
  },
  {
    "node_1": "中药名\t附子",
    "relation": "dose",
    "node_2": "剂量\t半两"
  },
  {
    "node_1": "处方\t麻黄甘草汤",
    "relation": "composition",
    "node_2": "中药名\t桔梗"
  },
  {
    "node_1": "中药名\t桔梗",
    "relation": "dose",
    "node_2": "剂量\t半两"
  },
  {
    "node_1": "处方\t麻黄甘草汤",
    "relation": "composition",
    "node_2": "中药名\t杏仁"
  },
  {
    "node_1": "中药名\t杏仁",
    "relation": "dose",
    "node_2": "剂量\t半两"
  },
  {
    "node_1": "处方\t麻黄甘草汤",
    "relation": "composition",
    "node_2": "中药名\t知母"
  },
  {
    "node_1": "中药名\t知母",
    "relation": "dose",
    "node_2": "剂量\t半两"
  }
]