[
  {
    "node_1": "方剂\t方剂",
    "relation": "include",
    "node_2": "方名\t茯苓白术汤5"
  },
  {
    "node_1": "方名\t茯苓白术汤5",
    "relation": "from",
    "node_2": "来源\t《医方集解》；《易简方》；《三因》卷五；《圣济总录》卷二十五；《直指》卷三"
  },
  {
    "node_1": "方名\t茯苓白术汤5",
    "relation": "functions",
    "node_2": "功能主治\t冒雨湿着于肌肤"
  },
  {
    "node_1": "方名\t茯苓白术汤5",
    "relation": "functions",
    "node_2": "功能主治\t或汗未干即浴，皆成暑湿"
  },
  {
    "node_1": "方名\t茯苓白术汤5",
    "relation": "functions",
    "node_2": "功能主治\t胸满妄言"
  },
  {
    "node_1": "方名\t茯苓白术汤5",
    "relation": "functions",
    "node_2": "功能主治\t伤寒吐后，心下逆满"
  },
  {
    "node_1": "方名\t茯苓白术汤5",
    "relation": "functions",
    "node_2": "功能主治\t松悸不定"
  },
  {
    "node_1": "方名\t茯苓白术汤5",
    "relation": "functions",
    "node_2": "功能主治\t头目疼痛"
  },
  {
    "node_1": "方名\t茯苓白术汤5",
    "relation": "functions",
    "node_2": "功能主治\t多汗"
  },
  {
    "node_1": "方名\t茯苓白术汤5",
    "relation": "functions",
    "node_2": "功能主治\t腰重脚弱"
  },
  {
    "node_1": "方名\t茯苓白术汤5",
    "relation": "functions",
    "node_2": "功能主治\t心下支饮，常苦眩冒"
  },
  {
    "node_1": "方名\t茯苓白术汤5",
    "relation": "functions",
    "node_2": "功能主治\t头眩"
  },
  {
    "node_1": "方名\t茯苓白术汤5",
    "relation": "functions",
    "node_2": "功能主治\t或因汗出浸渍"
  },
  {
    "node_1": "方名\t茯苓白术汤5",
    "relation": "functions",
    "node_2": "功能主治\t湿温寒热"
  },
  {
    "node_1": "方名\t茯苓白术汤5",
    "relation": "functions",
    "node_2": "功能主治\t中湿，身体痛重"
  },
  {
    "node_1": "方名\t茯苓白术汤5",
    "relation": "functions",
    "node_2": "功能主治\t起即头眩"
  },
  {
    "node_1": "方名\t茯苓白术汤5",
    "relation": "functions",
    "node_2": "功能主治\t冒暑毒，加以着湿"
  },
  {
    "node_1": "方名\t茯苓白术汤5",
    "relation": "functions",
    "node_2": "功能主治\t或因澡浴得病"
  },
  {
    "node_1": "方名\t茯苓白术汤5",
    "relation": "functions",
    "node_2": "功能主治\t身体烦痛"
  },
  {
    "node_1": "方名\t茯苓白术汤5",
    "relation": "functions",
    "node_2": "功能主治\t两胫逆冷者"
  },
  {
    "node_1": "方名\t茯苓白术汤5",
    "relation": "prescription type",
    "node_2": "处方\t茯苓白术汤5"
  },
  {
    "node_1": "处方\t茯苓白术汤5",
    "relation": "composition",
    "node_2": "中药名\t赤茯苓"
  },
  {
    "node_1": "中药名\t赤茯苓",
    "relation": "dose",
    "node_2": "剂量\t1两"
  },
  {
    "node_1": "处方\t茯苓白术汤5",
    "relation": "composition",
    "node_2": "中药名\t白术"
  },
  {
    "node_1": "中药名\t白术",
    "relation": "dose",
    "node_2": "剂量\t3分"
  },
  {
    "node_1": "处方\t茯苓白术汤5",
    "relation": "composition",
    "node_2": "中药名\t桂"
  },
  {
    "node_1": "中药名\t桂",
    "relation": "dose",
    "node_2": "剂量\t3分"
  },
  {
    "node_1": "处方\t茯苓白术汤5",
    "relation": "composition",
    "node_2": "中药名\t甘草"
  },
  {
    "node_1": "中药名\t甘草",
    "relation": "dose",
    "node_2": "剂量\t半两"
  },
  {
    "node_1": "处方\t茯苓白术汤5",
    "relation": "composition",
    "node_2": "中药名\t芎藭"
  },
  {
    "node_1": "中药名\t芎藭",
    "relation": "dose",
    "node_2": "剂量\t1两"
  }
]