[
  {
    "node_1": "方剂\t方剂",
    "relation": "include",
    "node_2": "方名\t安魂汤"
  },
  {
    "node_1": "方名\t安魂汤",
    "relation": "from",
    "node_2": "来源\t《医学衷中参西录》"
  },
  {
    "node_1": "方名\t安魂汤",
    "relation": "functions",
    "node_2": "功能主治\t化痰镇静"
  },
  {
    "node_1": "方名\t安魂汤",
    "relation": "functions",
    "node_2": "功能主治\t现代可用于治疗神经衰弱"
  },
  {
    "node_1": "方名\t安魂汤",
    "relation": "functions",
    "node_2": "功能主治\t养心安神"
  },
  {
    "node_1": "方名\t安魂汤",
    "relation": "functions",
    "node_2": "功能主治\t癔症"
  },
  {
    "node_1": "方名\t安魂汤",
    "relation": "functions",
    "node_2": "功能主治\t致惊悸不眠"
  },
  {
    "node_1": "方名\t安魂汤",
    "relation": "functions",
    "node_2": "功能主治\t兼心下停有痰饮"
  },
  {
    "node_1": "方名\t安魂汤",
    "relation": "functions",
    "node_2": "功能主治\t神经官能症"
  },
  {
    "node_1": "方名\t安魂汤",
    "relation": "functions",
    "node_2": "功能主治\t心中气血虚损"
  },
  {
    "node_1": "方名\t安魂汤",
    "relation": "prescription type",
    "node_2": "处方\t安魂汤"
  },
  {
    "node_1": "处方\t安魂汤",
    "relation": "composition",
    "node_2": "中药名\t龙眼肉"
  },
  {
    "node_1": "中药名\t龙眼肉",
    "relation": "dose",
    "node_2": "剂量\t18克"
  },
  {
    "node_1": "处方\t安魂汤",
    "relation": "composition",
    "node_2": "中药名\t酸枣仁"
  },
  {
    "node_1": "中药名\t酸枣仁",
    "relation": "dose",
    "node_2": "剂量\t12克"
  },
  {
    "node_1": "处方\t安魂汤",
    "relation": "composition",
    "node_2": "中药名\t生龙骨"
  },
  {
    "node_1": "中药名\t生龙骨",
    "relation": "dose",
    "node_2": "剂量\t15克"
  },
  {
    "node_1": "处方\t安魂汤",
    "relation": "composition",
    "node_2": "中药名\t生牡蛎"
  },
  {
    "node_1": "中药名\t生牡蛎",
    "relation": "dose",
    "node_2": "剂量\t15克"
  },
  {
    "node_1": "处方\t安魂汤",
    "relation": "composition",
    "node_2": "中药名\t清半夏"
  },
  {
    "node_1": "中药名\t清半夏",
    "relation": "dose",
    "node_2": "剂量\t9克"
  },
  {
    "node_1": "处方\t安魂汤",
    "relation": "composition",
    "node_2": "中药名\t茯苓片"
  },
  {
    "node_1": "中药名\t茯苓片",
    "relation": "dose",
    "node_2": "剂量\t9克"
  },
  {
    "node_1": "处方\t安魂汤",
    "relation": "composition",
    "node_2": "中药名\t生赭石"
  },
  {
    "node_1": "中药名\t生赭石",
    "relation": "dose",
    "node_2": "剂量\t12克"
  }
]