[
  {
    "node_1": "方剂\t方剂",
    "relation": "include",
    "node_2": "方名\t麻黄汤"
  },
  {
    "node_1": "方名\t麻黄汤",
    "relation": "from",
    "node_2": "来源\t《伤寒论：辨太阳病脉证并治中》"
  },
  {
    "node_1": "方名\t麻黄汤",
    "relation": "functions",
    "node_2": "功能主治\t脉浮紧"
  },
  {
    "node_1": "方名\t麻黄汤",
    "relation": "functions",
    "node_2": "功能主治\t发汗解表"
  },
  {
    "node_1": "方名\t麻黄汤",
    "relation": "functions",
    "node_2": "功能主治\t恶寒发热"
  },
  {
    "node_1": "方名\t麻黄汤",
    "relation": "functions",
    "node_2": "功能主治\t本方常用于感冒、流行性感冒、急性支气管炎、支气管哮喘等属风寒表实证者"
  },
  {
    "node_1": "方名\t麻黄汤",
    "relation": "functions",
    "node_2": "功能主治\t外感风寒"
  },
  {
    "node_1": "方名\t麻黄汤",
    "relation": "functions",
    "node_2": "功能主治\t无汗而喘"
  },
  {
    "node_1": "方名\t麻黄汤",
    "relation": "functions",
    "node_2": "功能主治\t头痛身疼"
  },
  {
    "node_1": "方名\t麻黄汤",
    "relation": "functions",
    "node_2": "功能主治\t宣肺平喘"
  },
  {
    "node_1": "方名\t麻黄汤",
    "relation": "functions",
    "node_2": "功能主治\t舌苔薄白"
  },
  {
    "node_1": "方名\t麻黄汤",
    "relation": "prescription type",
    "node_2": "处方\t麻黄汤"
  },
  {
    "node_1": "处方\t麻黄汤",
    "relation": "composition",
    "node_2": "中药名\t麻黄"
  },
  {
    "node_1": "中药名\t麻黄",
    "relation": "dose",
    "node_2": "剂量\t9克"
  },
  {
    "node_1": "处方\t麻黄汤",
    "relation": "composition",
    "node_2": "中药名\t桂枝"
  },
  {
    "node_1": "中药名\t桂枝",
    "relation": "dose",
    "node_2": "剂量\t6克"
  },
  {
    "node_1": "处方\t麻黄汤",
    "relation": "composition",
    "node_2": "中药名\t杏仁"
  },
  {
    "node_1": "中药名\t杏仁",
    "relation": "dose",
    "node_2": "剂量\t6克"
  },
  {
    "node_1": "处方\t麻黄汤",
    "relation": "composition",
    "node_2": "中药名\t炙甘草"
  },
  {
    "node_1": "中药名\t炙甘草",
    "relation": "dose",
    "node_2": "剂量\t3克"
  }
]