[
  {
    "node_1": "方剂\t方剂",
    "relation": "include",
    "node_2": "方名\t正柴胡饮"
  },
  {
    "node_1": "方名\t正柴胡饮",
    "relation": "from",
    "node_2": "来源\t《景岳全书》"
  },
  {
    "node_1": "方名\t正柴胡饮",
    "relation": "functions",
    "node_2": "功能主治\t发热"
  },
  {
    "node_1": "方名\t正柴胡饮",
    "relation": "functions",
    "node_2": "功能主治\t微恶风寒"
  },
  {
    "node_1": "方名\t正柴胡饮",
    "relation": "functions",
    "node_2": "功能主治\t身痛"
  },
  {
    "node_1": "方名\t正柴胡饮",
    "relation": "functions",
    "node_2": "功能主治\t脉浮"
  },
  {
    "node_1": "方名\t正柴胡饮",
    "relation": "functions",
    "node_2": "功能主治\t无汗"
  },
  {
    "node_1": "方名\t正柴胡饮",
    "relation": "functions",
    "node_2": "功能主治\t头痛"
  },
  {
    "node_1": "方名\t正柴胡饮",
    "relation": "functions",
    "node_2": "功能主治\t舌苔薄白"
  },
  {
    "node_1": "方名\t正柴胡饮",
    "relation": "functions",
    "node_2": "功能主治\t外感风寒轻证"
  },
  {
    "node_1": "方名\t正柴胡饮",
    "relation": "prescription type",
    "node_2": "处方\t正柴胡饮"
  },
  {
    "node_1": "处方\t正柴胡饮",
    "relation": "composition",
    "node_2": "中药名\t柴胡"
  },
  {
    "node_1": "中药名\t柴胡",
    "relation": "dose",
    "node_2": "剂量\t一至三钱 (9g)"
  },
  {
    "node_1": "处方\t正柴胡饮",
    "relation": "composition",
    "node_2": "中药名\t防风"
  },
  {
    "node_1": "中药名\t防风",
    "relation": "dose",
    "node_2": "剂量\t一钱 (3g)"
  },
  {
    "node_1": "处方\t正柴胡饮",
    "relation": "composition",
    "node_2": "中药名\t陈皮"
  },
  {
    "node_1": "中药名\t陈皮",
    "relation": "dose",
    "node_2": "剂量\t一钱半 (4.5g)"
  },
  {
    "node_1": "处方\t正柴胡饮",
    "relation": "composition",
    "node_2": "中药名\t芍药"
  },
  {
    "node_1": "中药名\t芍药",
    "relation": "dose",
    "node_2": "剂量\t二钱 (6g)"
  },
  {
    "node_1": "处方\t正柴胡饮",
    "relation": "composition",
    "node_2": "中药名\t甘草"
  },
  {
    "node_1": "中药名\t甘草",
    "relation": "dose",
    "node_2": "剂量\t一钱 (3g)"
  },
  {
    "node_1": "处方\t正柴胡饮",
    "relation": "composition",
    "node_2": "中药名\t生姜"
  },
  {
    "node_1": "中药名\t生姜",
    "relation": "dose",
    "node_2": "剂量\t三至五片"
  }
]