[
  {
    "node_1": "方剂\t方剂",
    "relation": "include",
    "node_2": "方名\t麻黄细辛附子汤"
  },
  {
    "node_1": "方名\t麻黄细辛附子汤",
    "relation": "from",
    "node_2": "来源\t《伤寒论》"
  },
  {
    "node_1": "方名\t麻黄细辛附子汤",
    "relation": "prescription type",
    "node_2": "处方\t麻黄细辛附子汤"
  },
  {
    "node_1": "处方\t麻黄细辛附子汤",
    "relation": "composition",
    "node_2": "中药名\t麻黄"
  },
  {
    "node_1": "中药名\t麻黄",
    "relation": "dose",
    "node_2": "剂量\t二两 (6g)"
  },
  {
    "node_1": "处方\t麻黄细辛附子汤",
    "relation": "composition",
    "node_2": "中药名\t附子炮"
  },
  {
    "node_1": "中药名\t附子炮",
    "relation": "dose",
    "node_2": "剂量\t一枚 破八片 (9g)"
  },
  {
    "node_1": "处方\t麻黄细辛附子汤",
    "relation": "composition",
    "node_2": "中药名\t细辛"
  },
  {
    "node_1": "中药名\t细辛",
    "relation": "dose",
    "node_2": "剂量\t二两 (3g)"
  }
]