[
  {
    "node_1": "方剂\t方剂",
    "relation": "include",
    "node_2": "方名\t白虎汤"
  },
  {
    "node_1": "方名\t白虎汤",
    "relation": "from",
    "node_2": "来源\t《伤寒论》"
  },
  {
    "node_1": "方名\t白虎汤",
    "relation": "functions",
    "node_2": "功能主治\t脉洪大有力"
  },
  {
    "node_1": "方名\t白虎汤",
    "relation": "functions",
    "node_2": "功能主治\t汗出恶热"
  },
  {
    "node_1": "方名\t白虎汤",
    "relation": "functions",
    "node_2": "功能主治\t气分热盛证"
  },
  {
    "node_1": "方名\t白虎汤",
    "relation": "functions",
    "node_2": "功能主治\t烦渴引饮"
  },
  {
    "node_1": "方名\t白虎汤",
    "relation": "functions",
    "node_2": "功能主治\t壮热面赤"
  },
  {
    "node_1": "方名\t白虎汤",
    "relation": "prescription type",
    "node_2": "处方\t白虎汤"
  },
  {
    "node_1": "处方\t白虎汤",
    "relation": "composition",
    "node_2": "中药名\t石膏"
  },
  {
    "node_1": "中药名\t石膏",
    "relation": "dose",
    "node_2": "剂量\t50g"
  },
  {
    "node_1": "处方\t白虎汤",
    "relation": "composition",
    "node_2": "中药名\t知母"
  },
  {
    "node_1": "中药名\t知母",
    "relation": "dose",
    "node_2": "剂量\t18g"
  },
  {
    "node_1": "处方\t白虎汤",
    "relation": "composition",
    "node_2": "中药名\t甘草"
  },
  {
    "node_1": "中药名\t甘草",
    "relation": "dose",
    "node_2": "剂量\t6g"
  },
  {
    "node_1": "处方\t白虎汤",
    "relation": "composition",
    "node_2": "中药名\t粳米"
  },
  {
    "node_1": "中药名\t粳米",
    "relation": "dose",
    "node_2": "剂量\t9g"
  }
]