[
  {
    "node_1": "方剂\t方剂",
    "relation": "include",
    "node_2": "方名\t左金丸"
  },
  {
    "node_1": "方名\t左金丸",
    "relation": "from",
    "node_2": "来源\t《丹溪心法》卷一"
  },
  {
    "node_1": "方名\t左金丸",
    "relation": "functions",
    "node_2": "功能主治\t霍乱转筋"
  },
  {
    "node_1": "方名\t左金丸",
    "relation": "functions",
    "node_2": "功能主治\t漕杂吞酸"
  },
  {
    "node_1": "方名\t左金丸",
    "relation": "functions",
    "node_2": "功能主治\t肝火犯胃"
  },
  {
    "node_1": "方名\t左金丸",
    "relation": "functions",
    "node_2": "功能主治\t呕吐胁痛"
  },
  {
    "node_1": "方名\t左金丸",
    "relation": "functions",
    "node_2": "功能主治\t筋疝痞结"
  },
  {
    "node_1": "方名\t左金丸",
    "relation": "prescription type",
    "node_2": "处方\t左金丸"
  },
  {
    "node_1": "处方\t左金丸",
    "relation": "composition",
    "node_2": "中药名\t黄连"
  },
  {
    "node_1": "中药名\t黄连",
    "relation": "dose",
    "node_2": "剂量\t六两（18g）"
  },
  {
    "node_1": "处方\t左金丸",
    "relation": "composition",
    "node_2": "中药名\t吴茱萸"
  },
  {
    "node_1": "中药名\t吴茱萸",
    "relation": "dose",
    "node_2": "剂量\t一两或半两（3g）"
  }
]