[
  {
    "node_1": "方剂\t方剂",
    "relation": "include",
    "node_2": "方名\t导赤散"
  },
  {
    "node_1": "方名\t导赤散",
    "relation": "from",
    "node_2": "来源\t《小儿药证直诀》"
  },
  {
    "node_1": "方名\t导赤散",
    "relation": "functions",
    "node_2": "功能主治\t心胸烦热"
  },
  {
    "node_1": "方名\t导赤散",
    "relation": "functions",
    "node_2": "功能主治\t舌红"
  },
  {
    "node_1": "方名\t导赤散",
    "relation": "functions",
    "node_2": "功能主治\t心热移于小肠"
  },
  {
    "node_1": "方名\t导赤散",
    "relation": "functions",
    "node_2": "功能主治\t小便赤涩刺痛"
  },
  {
    "node_1": "方名\t导赤散",
    "relation": "functions",
    "node_2": "功能主治\t口渴面赤"
  },
  {
    "node_1": "方名\t导赤散",
    "relation": "functions",
    "node_2": "功能主治\t意欲冷饮"
  },
  {
    "node_1": "方名\t导赤散",
    "relation": "functions",
    "node_2": "功能主治\t口舌生疮"
  },
  {
    "node_1": "方名\t导赤散",
    "relation": "functions",
    "node_2": "功能主治\t心经火热证"
  },
  {
    "node_1": "方名\t导赤散",
    "relation": "functions",
    "node_2": "功能主治\t脉数"
  },
  {
    "node_1": "方名\t导赤散",
    "relation": "prescription type",
    "node_2": "处方\t导赤散"
  },
  {
    "node_1": "处方\t导赤散",
    "relation": "composition",
    "node_2": "中药名\t生地黄"
  },
  {
    "node_1": "中药名\t生地黄",
    "relation": "dose",
    "node_2": "剂量\t6g"
  },
  {
    "node_1": "处方\t导赤散",
    "relation": "composition",
    "node_2": "中药名\t木通"
  },
  {
    "node_1": "中药名\t木通",
    "relation": "dose",
    "node_2": "剂量\t6g"
  },
  {
    "node_1": "处方\t导赤散",
    "relation": "composition",
    "node_2": "中药名\t生甘草梢"
  },
  {
    "node_1": "中药名\t生甘草梢",
    "relation": "dose",
    "node_2": "剂量\t6g"
  },
  {
    "node_1": "处方\t导赤散",
    "relation": "composition",
    "node_2": "中药名\t竹叶"
  },
  {
    "node_1": "中药名\t竹叶",
    "relation": "dose",
    "node_2": "剂量\t6g"
  }
]