[
  {
    "node_1": "方剂\t方剂",
    "relation": "include",
    "node_2": "方名\t天王补心丹"
  },
  {
    "node_1": "方名\t天王补心丹",
    "relation": "from",
    "node_2": "来源\t《内外伤辨惑论》"
  },
  {
    "node_1": "方名\t天王补心丹",
    "relation": "functions",
    "node_2": "功能主治\t舌红少苔"
  },
  {
    "node_1": "方名\t天王补心丹",
    "relation": "functions",
    "node_2": "功能主治\t脉细数"
  },
  {
    "node_1": "方名\t天王补心丹",
    "relation": "functions",
    "node_2": "功能主治\t大便干结"
  },
  {
    "node_1": "方名\t天王补心丹",
    "relation": "functions",
    "node_2": "功能主治\t梦遗"
  },
  {
    "node_1": "方名\t天王补心丹",
    "relation": "functions",
    "node_2": "功能主治\t心悸怔忡"
  },
  {
    "node_1": "方名\t天王补心丹",
    "relation": "functions",
    "node_2": "功能主治\t虚烦失眠"
  },
  {
    "node_1": "方名\t天王补心丹",
    "relation": "functions",
    "node_2": "功能主治\t口舌生疮"
  },
  {
    "node_1": "方名\t天王补心丹",
    "relation": "functions",
    "node_2": "功能主治\t手足心热"
  },
  {
    "node_1": "方名\t天王补心丹",
    "relation": "functions",
    "node_2": "功能主治\t阴虚血少"
  },
  {
    "node_1": "方名\t天王补心丹",
    "relation": "functions",
    "node_2": "功能主治\t神疲健忘"
  },
  {
    "node_1": "方名\t天王补心丹",
    "relation": "functions",
    "node_2": "功能主治\t神志不安证"
  },
  {
    "node_1": "方名\t天王补心丹",
    "relation": "prescription type",
    "node_2": "处方\t天王补心丹"
  },
  {
    "node_1": "处方\t天王补心丹",
    "relation": "composition",
    "node_2": "中药名\t人参"
  },
  {
    "node_1": "中药名\t人参",
    "relation": "dose",
    "node_2": "剂量\t15g"
  },
  {
    "node_1": "处方\t天王补心丹",
    "relation": "composition",
    "node_2": "中药名\t茯苓"
  },
  {
    "node_1": "中药名\t茯苓",
    "relation": "dose",
    "node_2": "剂量\t15g"
  },
  {
    "node_1": "处方\t天王补心丹",
    "relation": "composition",
    "node_2": "中药名\t玄参"
  },
  {
    "node_1": "中药名\t玄参",
    "relation": "dose",
    "node_2": "剂量\t15g"
  },
  {
    "node_1": "处方\t天王补心丹",
    "relation": "composition",
    "node_2": "中药名\t丹参"
  },
  {
    "node_1": "中药名\t丹参",
    "relation": "dose",
    "node_2": "剂量\t15g"
  },
  {
    "node_1": "处方\t天王补心丹",
    "relation": "composition",
    "node_2": "中药名\t桔梗"
  },
  {
    "node_1": "中药名\t桔梗",
    "relation": "dose",
    "node_2": "剂量\t15g"
  },
  {
    "node_1": "处方\t天王补心丹",
    "relation": "composition",
    "node_2": "中药名\t远志"
  },
  {
    "node_1": "中药名\t远志",
    "relation": "dose",
    "node_2": "剂量\t15g"
  },
  {
    "node_1": "处方\t天王补心丹",
    "relation": "composition",
    "node_2": "中药名\t当归"
  },
  {
    "node_1": "中药名\t当归",
    "relation": "dose",
    "node_2": "剂量\t30g"
  },
  {
    "node_1": "处方\t天王补心丹",
    "relation": "composition",
    "node_2": "中药名\t五味子"
  },
  {
    "node_1": "中药名\t五味子",
    "relation": "dose",
    "node_2": "剂量\t30g"
  },
  {
    "node_1": "处方\t天王补心丹",
    "relation": "composition",
    "node_2": "中药名\t麦门冬"
  },
  {
    "node_1": "中药名\t麦门冬",
    "relation": "dose",
    "node_2": "剂量\t30g"
  },
  {
    "node_1": "处方\t天王补心丹",
    "relation": "composition",
    "node_2": "中药名\t天门冬"
  },
  {
    "node_1": "中药名\t天门冬",
    "relation": "dose",
    "node_2": "剂量\t30g"
  },
  {
    "node_1": "处方\t天王补心丹",
    "relation": "composition",
    "node_2": "中药名\t柏子仁"
  },
  {
    "node_1": "中药名\t柏子仁",
    "relation": "dose",
    "node_2": "剂量\t30g"
  },
  {
    "node_1": "处方\t天王补心丹",
    "relation": "composition",
    "node_2": "中药名\t酸枣仁"
  },
  {
    "node_1": "中药名\t酸枣仁",
    "relation": "dose",
    "node_2": "剂量\t30g"
  },
  {
    "node_1": "处方\t天王补心丹",
    "relation": "composition",
    "node_2": "中药名\t生地黄"
  },
  {
    "node_1": "中药名\t生地黄",
    "relation": "dose",
    "node_2": "剂量\t120g"
  }
]