[
  {
    "node_1": "方剂\t方剂",
    "relation": "include",
    "node_2": "方名\t逍遥散"
  },
  {
    "node_1": "方名\t逍遥散",
    "relation": "from",
    "node_2": "来源\t《太平惠民和剂局方》"
  },
  {
    "node_1": "方名\t逍遥散",
    "relation": "functions",
    "node_2": "功能主治\t月经不调"
  },
  {
    "node_1": "方名\t逍遥散",
    "relation": "functions",
    "node_2": "功能主治\t乳房胀痛"
  },
  {
    "node_1": "方名\t逍遥散",
    "relation": "functions",
    "node_2": "功能主治\t头痛目眩"
  },
  {
    "node_1": "方名\t逍遥散",
    "relation": "functions",
    "node_2": "功能主治\t养血健脾"
  },
  {
    "node_1": "方名\t逍遥散",
    "relation": "functions",
    "node_2": "功能主治\t疏肝解郁"
  },
  {
    "node_1": "方名\t逍遥散",
    "relation": "functions",
    "node_2": "功能主治\t口燥咽干"
  },
  {
    "node_1": "方名\t逍遥散",
    "relation": "functions",
    "node_2": "功能主治\t两胁作痛"
  },
  {
    "node_1": "方名\t逍遥散",
    "relation": "functions",
    "node_2": "功能主治\t脉弦而虚"
  },
  {
    "node_1": "方名\t逍遥散",
    "relation": "functions",
    "node_2": "功能主治\t神疲食少"
  },
  {
    "node_1": "方名\t逍遥散",
    "relation": "prescription type",
    "node_2": "处方\t逍遥散"
  },
  {
    "node_1": "处方\t逍遥散",
    "relation": "composition",
    "node_2": "中药名\t甘草"
  },
  {
    "node_1": "中药名\t甘草",
    "relation": "dose",
    "node_2": "剂量\t半两（15g）"
  },
  {
    "node_1": "处方\t逍遥散",
    "relation": "composition",
    "node_2": "中药名\t当归"
  },
  {
    "node_1": "中药名\t当归",
    "relation": "dose",
    "node_2": "剂量\t一两（30g）"
  },
  {
    "node_1": "处方\t逍遥散",
    "relation": "composition",
    "node_2": "中药名\t茯苓"
  },
  {
    "node_1": "中药名\t茯苓",
    "relation": "dose",
    "node_2": "剂量\t一两（30g）"
  },
  {
    "node_1": "处方\t逍遥散",
    "relation": "composition",
    "node_2": "中药名\t白芍药"
  },
  {
    "node_1": "中药名\t白芍药",
    "relation": "dose",
    "node_2": "剂量\t一两（30g）"
  },
  {
    "node_1": "处方\t逍遥散",
    "relation": "composition",
    "node_2": "中药名\t白术"
  },
  {
    "node_1": "中药名\t白术",
    "relation": "dose",
    "node_2": "剂量\t一两（30g）"
  },
  {
    "node_1": "处方\t逍遥散",
    "relation": "composition",
    "node_2": "中药名\t柴胡"
  },
  {
    "node_1": "中药名\t柴胡",
    "relation": "dose",
    "node_2": "剂量\t一两（30g）"
  }
]