[
  {
    "node_1": "方剂\t方剂",
    "relation": "include",
    "node_2": "方名\t半夏泻心汤"
  },
  {
    "node_1": "方名\t半夏泻心汤",
    "relation": "from",
    "node_2": "来源\t《伤寒论》"
  },
  {
    "node_1": "方名\t半夏泻心汤",
    "relation": "functions",
    "node_2": "功能主治\t舌苔腻而微黄"
  },
  {
    "node_1": "方名\t半夏泻心汤",
    "relation": "functions",
    "node_2": "功能主治\t肠鸣下利"
  },
  {
    "node_1": "方名\t半夏泻心汤",
    "relation": "functions",
    "node_2": "功能主治\t心下痞，但满而不痛"
  },
  {
    "node_1": "方名\t半夏泻心汤",
    "relation": "functions",
    "node_2": "功能主治\t呕吐"
  },
  {
    "node_1": "方名\t半夏泻心汤",
    "relation": "functions",
    "node_2": "功能主治\t寒热错杂之痞证"
  },
  {
    "node_1": "方名\t半夏泻心汤",
    "relation": "prescription type",
    "node_2": "处方\t半夏泻心汤"
  },
  {
    "node_1": "处方\t半夏泻心汤",
    "relation": "composition",
    "node_2": "中药名\t半夏"
  },
  {
    "node_1": "中药名\t半夏",
    "relation": "dose",
    "node_2": "剂量\t15g"
  },
  {
    "node_1": "处方\t半夏泻心汤",
    "relation": "composition",
    "node_2": "中药名\t黄芩"
  },
  {
    "node_1": "中药名\t黄芩",
    "relation": "dose",
    "node_2": "剂量\t9g"
  },
  {
    "node_1": "处方\t半夏泻心汤",
    "relation": "composition",
    "node_2": "中药名\t干姜"
  },
  {
    "node_1": "中药名\t干姜",
    "relation": "dose",
    "node_2": "剂量\t9g"
  },
  {
    "node_1": "处方\t半夏泻心汤",
    "relation": "composition",
    "node_2": "中药名\t人参"
  },
  {
    "node_1": "中药名\t人参",
    "relation": "dose",
    "node_2": "剂量\t9g"
  },
  {
    "node_1": "处方\t半夏泻心汤",
    "relation": "composition",
    "node_2": "中药名\t炙甘草"
  },
  {
    "node_1": "中药名\t炙甘草",
    "relation": "dose",
    "node_2": "剂量\t9g"
  },
  {
    "node_1": "处方\t半夏泻心汤",
    "relation": "composition",
    "node_2": "中药名\t黄连"
  },
  {
    "node_1": "中药名\t黄连",
    "relation": "dose",
    "node_2": "剂量\t3g"
  },
  {
    "node_1": "处方\t半夏泻心汤",
    "relation": "composition",
    "node_2": "中药名\t大枣"
  },
  {
    "node_1": "中药名\t大枣",
    "relation": "dose",
    "node_2": "剂量\t4枚"
  }
]