[
  {
    "node_1": "方剂\t方剂",
    "relation": "include",
    "node_2": "方名\t杏苏散"
  },
  {
    "node_1": "方名\t杏苏散",
    "relation": "from",
    "node_2": "来源\t《温病条辨》"
  },
  {
    "node_1": "方名\t杏苏散",
    "relation": "functions",
    "node_2": "功能主治\t鼻塞咽干"
  },
  {
    "node_1": "方名\t杏苏散",
    "relation": "functions",
    "node_2": "功能主治\t头微痛"
  },
  {
    "node_1": "方名\t杏苏散",
    "relation": "functions",
    "node_2": "功能主治\t外感凉燥证"
  },
  {
    "node_1": "方名\t杏苏散",
    "relation": "functions",
    "node_2": "功能主治\t咳嗽痰稀"
  },
  {
    "node_1": "方名\t杏苏散",
    "relation": "functions",
    "node_2": "功能主治\t恶寒无汗"
  },
  {
    "node_1": "方名\t杏苏散",
    "relation": "functions",
    "node_2": "功能主治\t苔白脉弦"
  },
  {
    "node_1": "方名\t杏苏散",
    "relation": "prescription type",
    "node_2": "处方\t杏苏散"
  },
  {
    "node_1": "处方\t杏苏散",
    "relation": "composition",
    "node_2": "中药名\t苏叶"
  },
  {
    "node_1": "中药名\t苏叶",
    "relation": "dose",
    "node_2": "剂量\t9g"
  },
  {
    "node_1": "处方\t杏苏散",
    "relation": "composition",
    "node_2": "中药名\t半夏"
  },
  {
    "node_1": "中药名\t半夏",
    "relation": "dose",
    "node_2": "剂量\t9g"
  },
  {
    "node_1": "处方\t杏苏散",
    "relation": "composition",
    "node_2": "中药名\t茯苓"
  },
  {
    "node_1": "中药名\t茯苓",
    "relation": "dose",
    "node_2": "剂量\t9g"
  },
  {
    "node_1": "处方\t杏苏散",
    "relation": "composition",
    "node_2": "中药名\t前胡"
  },
  {
    "node_1": "中药名\t前胡",
    "relation": "dose",
    "node_2": "剂量\t9g"
  },
  {
    "node_1": "处方\t杏苏散",
    "relation": "composition",
    "node_2": "中药名\t杏仁"
  },
  {
    "node_1": "中药名\t杏仁",
    "relation": "dose",
    "node_2": "剂量\t9g"
  },
  {
    "node_1": "处方\t杏苏散",
    "relation": "composition",
    "node_2": "中药名\t苦桔梗"
  },
  {
    "node_1": "中药名\t苦桔梗",
    "relation": "dose",
    "node_2": "剂量\t6g"
  },
  {
    "node_1": "处方\t杏苏散",
    "relation": "composition",
    "node_2": "中药名\t枳壳"
  },
  {
    "node_1": "中药名\t枳壳",
    "relation": "dose",
    "node_2": "剂量\t6g"
  },
  {
    "node_1": "处方\t杏苏散",
    "relation": "composition",
    "node_2": "中药名\t橘皮"
  },
  {
    "node_1": "中药名\t橘皮",
    "relation": "dose",
    "node_2": "剂量\t6g"
  },
  {
    "node_1": "处方\t杏苏散",
    "relation": "composition",
    "node_2": "中药名\t甘草"
  },
  {
    "node_1": "中药名\t甘草",
    "relation": "dose",
    "node_2": "剂量\t3g"
  },
  {
    "node_1": "处方\t杏苏散",
    "relation": "composition",
    "node_2": "中药名\t生姜"
  },
  {
    "node_1": "中药名\t生姜",
    "relation": "dose",
    "node_2": "剂量\t3片"
  },
  {
    "node_1": "处方\t杏苏散",
    "relation": "composition",
    "node_2": "中药名\t大枣"
  },
  {
    "node_1": "中药名\t大枣",
    "relation": "dose",
    "node_2": "剂量\t3枚"
  }
]