[
  {
    "node_1": "方剂\t方剂",
    "relation": "include",
    "node_2": "方名\t复元活血汤"
  },
  {
    "node_1": "方名\t复元活血汤",
    "relation": "from",
    "node_2": "来源\t《医学发明》"
  },
  {
    "node_1": "方名\t复元活血汤",
    "relation": "functions",
    "node_2": "功能主治\t跌打损伤"
  },
  {
    "node_1": "方名\t复元活血汤",
    "relation": "functions",
    "node_2": "功能主治\t胁肋瘀肿"
  },
  {
    "node_1": "方名\t复元活血汤",
    "relation": "functions",
    "node_2": "功能主治\t痛不可忍"
  },
  {
    "node_1": "方名\t复元活血汤",
    "relation": "functions",
    "node_2": "功能主治\t瘀血阻滞证"
  },
  {
    "node_1": "方名\t复元活血汤",
    "relation": "prescription type",
    "node_2": "处方\t复元活血汤"
  },
  {
    "node_1": "处方\t复元活血汤",
    "relation": "composition",
    "node_2": "中药名\t柴胡"
  },
  {
    "node_1": "中药名\t柴胡",
    "relation": "dose",
    "node_2": "剂量\t15g"
  },
  {
    "node_1": "处方\t复元活血汤",
    "relation": "composition",
    "node_2": "中药名\t瓜蒌根"
  },
  {
    "node_1": "中药名\t瓜蒌根",
    "relation": "dose",
    "node_2": "剂量\t9g"
  },
  {
    "node_1": "处方\t复元活血汤",
    "relation": "composition",
    "node_2": "中药名\t当归"
  },
  {
    "node_1": "中药名\t当归",
    "relation": "dose",
    "node_2": "剂量\t9g"
  },
  {
    "node_1": "处方\t复元活血汤",
    "relation": "composition",
    "node_2": "中药名\t红花"
  },
  {
    "node_1": "中药名\t红花",
    "relation": "dose",
    "node_2": "剂量\t6g"
  },
  {
    "node_1": "处方\t复元活血汤",
    "relation": "composition",
    "node_2": "中药名\t甘草"
  },
  {
    "node_1": "中药名\t甘草",
    "relation": "dose",
    "node_2": "剂量\t6g"
  },
  {
    "node_1": "处方\t复元活血汤",
    "relation": "composition",
    "node_2": "中药名\t穿山甲(炮)"
  },
  {
    "node_1": "中药名\t穿山甲(炮)",
    "relation": "dose",
    "node_2": "剂量\t6g"
  },
  {
    "node_1": "处方\t复元活血汤",
    "relation": "composition",
    "node_2": "中药名\t大黄(酒浸)"
  },
  {
    "node_1": "中药名\t大黄(酒浸)",
    "relation": "dose",
    "node_2": "剂量\t30g"
  },
  {
    "node_1": "处方\t复元活血汤",
    "relation": "composition",
    "node_2": "中药名\t桃仁(酒浸，去皮尖，研如泥)"
  },
  {
    "node_1": "中药名\t桃仁(酒浸，去皮尖，研如泥)",
    "relation": "dose",
    "node_2": "剂量\t15g"
  }
]