[
  {
    "node_1": "方剂\t方剂",
    "relation": "include",
    "node_2": "方名\t失笑散"
  },
  {
    "node_1": "方名\t失笑散",
    "relation": "from",
    "node_2": "来源\t《太平惠民和剂局方》"
  },
  {
    "node_1": "方名\t失笑散",
    "relation": "functions",
    "node_2": "功能主治\t月经不调"
  },
  {
    "node_1": "方名\t失笑散",
    "relation": "functions",
    "node_2": "功能主治\t心腹刺痛"
  },
  {
    "node_1": "方名\t失笑散",
    "relation": "functions",
    "node_2": "功能主治\t少腹急痛"
  },
  {
    "node_1": "方名\t失笑散",
    "relation": "functions",
    "node_2": "功能主治\t瘀血停滞证"
  },
  {
    "node_1": "方名\t失笑散",
    "relation": "functions",
    "node_2": "功能主治\t产后恶露不行"
  },
  {
    "node_1": "方名\t失笑散",
    "relation": "prescription type",
    "node_2": "处方\t失笑散"
  },
  {
    "node_1": "处方\t失笑散",
    "relation": "composition",
    "node_2": "中药名\t五灵脂"
  },
  {
    "node_1": "中药名\t五灵脂",
    "relation": "dose",
    "node_2": "剂量\t6g"
  },
  {
    "node_1": "处方\t失笑散",
    "relation": "composition",
    "node_2": "中药名\t蒲黄"
  },
  {
    "node_1": "中药名\t蒲黄",
    "relation": "dose",
    "node_2": "剂量\t6g"
  }
]