[
  {
    "node_1": "方剂\t方剂",
    "relation": "include",
    "node_2": "方名\t枳实消痞丸"
  },
  {
    "node_1": "方名\t枳实消痞丸",
    "relation": "from",
    "node_2": "来源\t《兰室秘藏》"
  },
  {
    "node_1": "方名\t枳实消痞丸",
    "relation": "functions",
    "node_2": "功能主治\t苔腻而微黄"
  },
  {
    "node_1": "方名\t枳实消痞丸",
    "relation": "functions",
    "node_2": "功能主治\t脾虚气滞"
  },
  {
    "node_1": "方名\t枳实消痞丸",
    "relation": "functions",
    "node_2": "功能主治\t倦怠乏力"
  },
  {
    "node_1": "方名\t枳实消痞丸",
    "relation": "functions",
    "node_2": "功能主治\t脉弦"
  },
  {
    "node_1": "方名\t枳实消痞丸",
    "relation": "functions",
    "node_2": "功能主治\t大便失调"
  },
  {
    "node_1": "方名\t枳实消痞丸",
    "relation": "functions",
    "node_2": "功能主治\t寒热互结证"
  },
  {
    "node_1": "方名\t枳实消痞丸",
    "relation": "functions",
    "node_2": "功能主治\t不欲饮食"
  },
  {
    "node_1": "方名\t枳实消痞丸",
    "relation": "functions",
    "node_2": "功能主治\t心下痞满"
  },
  {
    "node_1": "方名\t枳实消痞丸",
    "relation": "prescription type",
    "node_2": "处方\t枳实消痞丸"
  },
  {
    "node_1": "处方\t枳实消痞丸",
    "relation": "composition",
    "node_2": "中药名\t干生姜"
  },
  {
    "node_1": "中药名\t干生姜",
    "relation": "dose",
    "node_2": "剂量\t6g"
  },
  {
    "node_1": "处方\t枳实消痞丸",
    "relation": "composition",
    "node_2": "中药名\t甘草(炙)"
  },
  {
    "node_1": "中药名\t甘草(炙)",
    "relation": "dose",
    "node_2": "剂量\t6g"
  },
  {
    "node_1": "处方\t枳实消痞丸",
    "relation": "composition",
    "node_2": "中药名\t麦芽曲"
  },
  {
    "node_1": "中药名\t麦芽曲",
    "relation": "dose",
    "node_2": "剂量\t6g"
  },
  {
    "node_1": "处方\t枳实消痞丸",
    "relation": "composition",
    "node_2": "中药名\t白茯苓"
  },
  {
    "node_1": "中药名\t白茯苓",
    "relation": "dose",
    "node_2": "剂量\t6g"
  },
  {
    "node_1": "处方\t枳实消痞丸",
    "relation": "composition",
    "node_2": "中药名\t白术"
  },
  {
    "node_1": "中药名\t白术",
    "relation": "dose",
    "node_2": "剂量\t6g"
  },
  {
    "node_1": "处方\t枳实消痞丸",
    "relation": "composition",
    "node_2": "中药名\t半夏曲"
  },
  {
    "node_1": "中药名\t半夏曲",
    "relation": "dose",
    "node_2": "剂量\t9g"
  },
  {
    "node_1": "处方\t枳实消痞丸",
    "relation": "composition",
    "node_2": "中药名\t人参"
  },
  {
    "node_1": "中药名\t人参",
    "relation": "dose",
    "node_2": "剂量\t9g"
  },
  {
    "node_1": "处方\t枳实消痞丸",
    "relation": "composition",
    "node_2": "中药名\t厚朴(炙)"
  },
  {
    "node_1": "中药名\t厚朴(炙)",
    "relation": "dose",
    "node_2": "剂量\t12g"
  },
  {
    "node_1": "处方\t枳实消痞丸",
    "relation": "composition",
    "node_2": "中药名\t枳实"
  },
  {
    "node_1": "中药名\t枳实",
    "relation": "dose",
    "node_2": "剂量\t15g"
  },
  {
    "node_1": "处方\t枳实消痞丸",
    "relation": "composition",
    "node_2": "中药名\t黄连"
  },
  {
    "node_1": "中药名\t黄连",
    "relation": "dose",
    "node_2": "剂量\t15g"
  }
]