[
  {
    "node_1": "方剂\t方剂",
    "relation": "include",
    "node_2": "方名\t羌活胜湿汤"
  },
  {
    "node_1": "方名\t羌活胜湿汤",
    "relation": "from",
    "node_2": "来源\t《脾胃论》"
  },
  {
    "node_1": "方名\t羌活胜湿汤",
    "relation": "functions",
    "node_2": "功能主治\t头痛身重"
  },
  {
    "node_1": "方名\t羌活胜湿汤",
    "relation": "functions",
    "node_2": "功能主治\t肩背痛不可回顾"
  },
  {
    "node_1": "方名\t羌活胜湿汤",
    "relation": "functions",
    "node_2": "功能主治\t止痛"
  },
  {
    "node_1": "方名\t羌活胜湿汤",
    "relation": "functions",
    "node_2": "功能主治\t祛风"
  },
  {
    "node_1": "方名\t羌活胜湿汤",
    "relation": "functions",
    "node_2": "功能主治\t胜湿"
  },
  {
    "node_1": "方名\t羌活胜湿汤",
    "relation": "functions",
    "node_2": "功能主治\t难以转侧"
  },
  {
    "node_1": "方名\t羌活胜湿汤",
    "relation": "functions",
    "node_2": "功能主治\t脉浮"
  },
  {
    "node_1": "方名\t羌活胜湿汤",
    "relation": "functions",
    "node_2": "功能主治\t风湿在表之痹证"
  },
  {
    "node_1": "方名\t羌活胜湿汤",
    "relation": "functions",
    "node_2": "功能主治\t苔白"
  },
  {
    "node_1": "方名\t羌活胜湿汤",
    "relation": "functions",
    "node_2": "功能主治\t或腰脊疼痛"
  },
  {
    "node_1": "方名\t羌活胜湿汤",
    "relation": "prescription type",
    "node_2": "处方\t羌活胜湿汤"
  },
  {
    "node_1": "处方\t羌活胜湿汤",
    "relation": "composition",
    "node_2": "中药名\t羌活"
  },
  {
    "node_1": "中药名\t羌活",
    "relation": "dose",
    "node_2": "剂量\t6g"
  },
  {
    "node_1": "处方\t羌活胜湿汤",
    "relation": "composition",
    "node_2": "中药名\t独活"
  },
  {
    "node_1": "中药名\t独活",
    "relation": "dose",
    "node_2": "剂量\t6g"
  },
  {
    "node_1": "处方\t羌活胜湿汤",
    "relation": "composition",
    "node_2": "中药名\t藁本"
  },
  {
    "node_1": "中药名\t藁本",
    "relation": "dose",
    "node_2": "剂量\t3g"
  },
  {
    "node_1": "处方\t羌活胜湿汤",
    "relation": "composition",
    "node_2": "中药名\t防风"
  },
  {
    "node_1": "中药名\t防风",
    "relation": "dose",
    "node_2": "剂量\t3g"
  },
  {
    "node_1": "处方\t羌活胜湿汤",
    "relation": "composition",
    "node_2": "中药名\t甘草(炙)"
  },
  {
    "node_1": "中药名\t甘草(炙)",
    "relation": "dose",
    "node_2": "剂量\t3g"
  },
  {
    "node_1": "处方\t羌活胜湿汤",
    "relation": "composition",
    "node_2": "中药名\t蔓荆子"
  },
  {
    "node_1": "中药名\t蔓荆子",
    "relation": "dose",
    "node_2": "剂量\t2g"
  },
  {
    "node_1": "处方\t羌活胜湿汤",
    "relation": "composition",
    "node_2": "中药名\t川芎"
  },
  {
    "node_1": "中药名\t川芎",
    "relation": "dose",
    "node_2": "剂量\t1.5g"
  }
]