[
  {
    "node_1": "方剂\t方剂",
    "relation": "include",
    "node_2": "方名\t十枣汤"
  },
  {
    "node_1": "方名\t十枣汤",
    "relation": "from",
    "node_2": "来源\t《伤寒论》"
  },
  {
    "node_1": "方名\t十枣汤",
    "relation": "functions",
    "node_2": "功能主治\t攻逐水饮"
  },
  {
    "node_1": "方名\t十枣汤",
    "relation": "prescription type",
    "node_2": "处方\t十枣汤"
  },
  {
    "node_1": "处方\t十枣汤",
    "relation": "composition",
    "node_2": "中药名\t芫花"
  },
  {
    "node_1": "中药名\t芫花",
    "relation": "dose",
    "node_2": "剂量\t1.5g"
  },
  {
    "node_1": "处方\t十枣汤",
    "relation": "composition",
    "node_2": "中药名\t大戟"
  },
  {
    "node_1": "中药名\t大戟",
    "relation": "dose",
    "node_2": "剂量\t1.5g"
  },
  {
    "node_1": "处方\t十枣汤",
    "relation": "composition",
    "node_2": "中药名\t甘遂"
  },
  {
    "node_1": "中药名\t甘遂",
    "relation": "dose",
    "node_2": "剂量\t1.5g"
  },
  {
    "node_1": "处方\t十枣汤",
    "relation": "composition",
    "node_2": "中药名\t大枣"
  },
  {
    "node_1": "中药名\t大枣",
    "relation": "dose",
    "node_2": "剂量\t10枚"
  }
]