[
  {
    "node_1": "方剂\t方剂",
    "relation": "include",
    "node_2": "方名\t补中益气汤"
  },
  {
    "node_1": "方名\t补中益气汤",
    "relation": "from",
    "node_2": "来源\t《内外伤辨惑论》"
  },
  {
    "node_1": "方名\t补中益气汤",
    "relation": "functions",
    "node_2": "功能主治\t补中益气"
  },
  {
    "node_1": "方名\t补中益气汤",
    "relation": "functions",
    "node_2": "功能主治\t升阳举陷"
  },
  {
    "node_1": "方名\t补中益气汤",
    "relation": "prescription type",
    "node_2": "处方\t补中益气汤"
  },
  {
    "node_1": "处方\t补中益气汤",
    "relation": "composition",
    "node_2": "中药名\t黄芪"
  },
  {
    "node_1": "中药名\t黄芪",
    "relation": "dose",
    "node_2": "剂量\t15g"
  },
  {
    "node_1": "处方\t补中益气汤",
    "relation": "composition",
    "node_2": "中药名\t人参"
  },
  {
    "node_1": "中药名\t人参",
    "relation": "dose",
    "node_2": "剂量\t15g"
  },
  {
    "node_1": "处方\t补中益气汤",
    "relation": "composition",
    "node_2": "中药名\t党参"
  },
  {
    "node_1": "中药名\t党参",
    "relation": "dose",
    "node_2": "剂量\t15g"
  },
  {
    "node_1": "处方\t补中益气汤",
    "relation": "composition",
    "node_2": "中药名\t白术"
  },
  {
    "node_1": "中药名\t白术",
    "relation": "dose",
    "node_2": "剂量\t10g"
  },
  {
    "node_1": "处方\t补中益气汤",
    "relation": "composition",
    "node_2": "中药名\t炙甘草"
  },
  {
    "node_1": "中药名\t炙甘草",
    "relation": "dose",
    "node_2": "剂量\t15g"
  },
  {
    "node_1": "处方\t补中益气汤",
    "relation": "composition",
    "node_2": "中药名\t当归"
  },
  {
    "node_1": "中药名\t当归",
    "relation": "dose",
    "node_2": "剂量\t10g"
  },
  {
    "node_1": "处方\t补中益气汤",
    "relation": "composition",
    "node_2": "中药名\t陈皮"
  },
  {
    "node_1": "中药名\t陈皮",
    "relation": "dose",
    "node_2": "剂量\t6g"
  },
  {
    "node_1": "处方\t补中益气汤",
    "relation": "composition",
    "node_2": "中药名\t升麻"
  },
  {
    "node_1": "中药名\t升麻",
    "relation": "dose",
    "node_2": "剂量\t6g"
  },
  {
    "node_1": "处方\t补中益气汤",
    "relation": "composition",
    "node_2": "中药名\t柴胡"
  },
  {
    "node_1": "中药名\t柴胡",
    "relation": "dose",
    "node_2": "剂量\t12g"
  },
  {
    "node_1": "处方\t补中益气汤",
    "relation": "composition",
    "node_2": "中药名\t生姜"
  },
  {
    "node_1": "中药名\t生姜",
    "relation": "dose",
    "node_2": "剂量\t9片"
  },
  {
    "node_1": "处方\t补中益气汤",
    "relation": "composition",
    "node_2": "中药名\t大枣"
  },
  {
    "node_1": "中药名\t大枣",
    "relation": "dose",
    "node_2": "剂量\t6枚"
  }
]