[
  {
    "node_1": "方剂\t方剂",
    "relation": "include",
    "node_2": "方名\t复脉汤"
  },
  {
    "node_1": "方名\t复脉汤",
    "relation": "from",
    "node_2": "来源\t《伤寒论》；《医门补要》卷中"
  },
  {
    "node_1": "方名\t复脉汤",
    "relation": "functions",
    "node_2": "功能主治\t益气滋阴"
  },
  {
    "node_1": "方名\t复脉汤",
    "relation": "functions",
    "node_2": "功能主治\t通阳复脉"
  },
  {
    "node_1": "方名\t复脉汤",
    "relation": "prescription type",
    "node_2": "处方\t复脉汤"
  },
  {
    "node_1": "处方\t复脉汤",
    "relation": "composition",
    "node_2": "中药名\t炙甘草"
  },
  {
    "node_1": "中药名\t炙甘草",
    "relation": "dose",
    "node_2": "剂量\t12g"
  },
  {
    "node_1": "处方\t复脉汤",
    "relation": "composition",
    "node_2": "中药名\t西洋参"
  },
  {
    "node_1": "中药名\t西洋参",
    "relation": "dose",
    "node_2": "剂量\t6g"
  },
  {
    "node_1": "处方\t复脉汤",
    "relation": "composition",
    "node_2": "中药名\t火麻仁"
  },
  {
    "node_1": "中药名\t火麻仁",
    "relation": "dose",
    "node_2": "剂量\t9g"
  },
  {
    "node_1": "处方\t复脉汤",
    "relation": "composition",
    "node_2": "中药名\t生地"
  },
  {
    "node_1": "中药名\t生地",
    "relation": "dose",
    "node_2": "剂量\t12g"
  },
  {
    "node_1": "处方\t复脉汤",
    "relation": "composition",
    "node_2": "中药名\t麦冬"
  },
  {
    "node_1": "中药名\t麦冬",
    "relation": "dose",
    "node_2": "剂量\t12g"
  }
]