[
  {
    "node_1": "方剂\t方剂",
    "relation": "include",
    "node_2": "方名\t完带汤"
  },
  {
    "node_1": "方名\t完带汤",
    "relation": "from",
    "node_2": "来源\t《傅青主女科》"
  },
  {
    "node_1": "方名\t完带汤",
    "relation": "functions",
    "node_2": "功能主治\t舌淡苔白"
  },
  {
    "node_1": "方名\t完带汤",
    "relation": "functions",
    "node_2": "功能主治\t带下色白"
  },
  {
    "node_1": "方名\t完带汤",
    "relation": "functions",
    "node_2": "功能主治\t面色㿠白"
  },
  {
    "node_1": "方名\t完带汤",
    "relation": "functions",
    "node_2": "功能主治\t清稀如涕"
  },
  {
    "node_1": "方名\t完带汤",
    "relation": "functions",
    "node_2": "功能主治\t补脾疏肝"
  },
  {
    "node_1": "方名\t完带汤",
    "relation": "functions",
    "node_2": "功能主治\t脾虚肝郁"
  },
  {
    "node_1": "方名\t完带汤",
    "relation": "functions",
    "node_2": "功能主治\t倦怠便溏"
  },
  {
    "node_1": "方名\t完带汤",
    "relation": "functions",
    "node_2": "功能主治\t脉缓或濡弱"
  },
  {
    "node_1": "方名\t完带汤",
    "relation": "functions",
    "node_2": "功能主治\t化湿止带"
  },
  {
    "node_1": "方名\t完带汤",
    "relation": "functions",
    "node_2": "功能主治\t湿浊带下"
  },
  {
    "node_1": "方名\t完带汤",
    "relation": "prescription type",
    "node_2": "处方\t完带汤"
  },
  {
    "node_1": "处方\t完带汤",
    "relation": "composition",
    "node_2": "中药名\t白术(土炒)"
  },
  {
    "node_1": "中药名\t白术(土炒)",
    "relation": "dose",
    "node_2": "剂量\t30g"
  },
  {
    "node_1": "处方\t完带汤",
    "relation": "composition",
    "node_2": "中药名\t山药(炒)"
  },
  {
    "node_1": "中药名\t山药(炒)",
    "relation": "dose",
    "node_2": "剂量\t30g"
  },
  {
    "node_1": "处方\t完带汤",
    "relation": "composition",
    "node_2": "中药名\t人参"
  },
  {
    "node_1": "中药名\t人参",
    "relation": "dose",
    "node_2": "剂量\t6g"
  },
  {
    "node_1": "处方\t完带汤",
    "relation": "composition",
    "node_2": "中药名\t白芍(酒炒)"
  },
  {
    "node_1": "中药名\t白芍(酒炒)",
    "relation": "dose",
    "node_2": "剂量\t15g"
  },
  {
    "node_1": "处方\t完带汤",
    "relation": "composition",
    "node_2": "中药名\t车前子(酒炒)"
  },
  {
    "node_1": "中药名\t车前子(酒炒)",
    "relation": "dose",
    "node_2": "剂量\t9g"
  },
  {
    "node_1": "处方\t完带汤",
    "relation": "composition",
    "node_2": "中药名\t苍术(制)"
  },
  {
    "node_1": "中药名\t苍术(制)",
    "relation": "dose",
    "node_2": "剂量\t9g"
  },
  {
    "node_1": "处方\t完带汤",
    "relation": "composition",
    "node_2": "中药名\t甘草"
  },
  {
    "node_1": "中药名\t甘草",
    "relation": "dose",
    "node_2": "剂量\t3g"
  },
  {
    "node_1": "处方\t完带汤",
    "relation": "composition",
    "node_2": "中药名\t陈皮"
  },
  {
    "node_1": "中药名\t陈皮",
    "relation": "dose",
    "node_2": "剂量\t2g"
  },
  {
    "node_1": "处方\t完带汤",
    "relation": "composition",
    "node_2": "中药名\t黑芥穗"
  },
  {
    "node_1": "中药名\t黑芥穗",
    "relation": "dose",
    "node_2": "剂量\t2g"
  },
  {
    "node_1": "处方\t完带汤",
    "relation": "composition",
    "node_2": "中药名\t柴胡"
  },
  {
    "node_1": "中药名\t柴胡",
    "relation": "dose",
    "node_2": "剂量\t2g"
  }
]