[
  {
    "node_1": "方剂\t方剂",
    "relation": "include",
    "node_2": "方名\t川芎茶调散"
  },
  {
    "node_1": "方名\t川芎茶调散",
    "relation": "from",
    "node_2": "来源\t《太平惠民和剂局方》"
  },
  {
    "node_1": "方名\t川芎茶调散",
    "relation": "functions",
    "node_2": "功能主治\t舌苔薄白"
  },
  {
    "node_1": "方名\t川芎茶调散",
    "relation": "functions",
    "node_2": "功能主治\t偏正头痛"
  },
  {
    "node_1": "方名\t川芎茶调散",
    "relation": "functions",
    "node_2": "功能主治\t脉浮"
  },
  {
    "node_1": "方名\t川芎茶调散",
    "relation": "functions",
    "node_2": "功能主治\t疏风止痛"
  },
  {
    "node_1": "方名\t川芎茶调散",
    "relation": "functions",
    "node_2": "功能主治\t目眩鼻塞"
  },
  {
    "node_1": "方名\t川芎茶调散",
    "relation": "functions",
    "node_2": "功能主治\t巅顶作痛"
  },
  {
    "node_1": "方名\t川芎茶调散",
    "relation": "functions",
    "node_2": "功能主治\t恶风发热"
  },
  {
    "node_1": "方名\t川芎茶调散",
    "relation": "functions",
    "node_2": "功能主治\t外感风邪头痛"
  },
  {
    "node_1": "方名\t川芎茶调散",
    "relation": "prescription type",
    "node_2": "处方\t川芎茶调散"
  },
  {
    "node_1": "处方\t川芎茶调散",
    "relation": "composition",
    "node_2": "中药名\t川芎"
  },
  {
    "node_1": "中药名\t川芎",
    "relation": "dose",
    "node_2": "剂量\t四两（120g）"
  },
  {
    "node_1": "处方\t川芎茶调散",
    "relation": "composition",
    "node_2": "中药名\t荆芥"
  },
  {
    "node_1": "中药名\t荆芥",
    "relation": "dose",
    "node_2": "剂量\t四两（120g）"
  },
  {
    "node_1": "处方\t川芎茶调散",
    "relation": "composition",
    "node_2": "中药名\t白芷"
  },
  {
    "node_1": "中药名\t白芷",
    "relation": "dose",
    "node_2": "剂量\t二两（60g）"
  },
  {
    "node_1": "处方\t川芎茶调散",
    "relation": "composition",
    "node_2": "中药名\t羌活"
  },
  {
    "node_1": "中药名\t羌活",
    "relation": "dose",
    "node_2": "剂量\t二两（60g）"
  },
  {
    "node_1": "处方\t川芎茶调散",
    "relation": "composition",
    "node_2": "中药名\t甘草爁"
  },
  {
    "node_1": "中药名\t甘草爁",
    "relation": "dose",
    "node_2": "剂量\t二两（60g）"
  },
  {
    "node_1": "处方\t川芎茶调散",
    "relation": "composition",
    "node_2": "中药名\t细辛"
  },
  {
    "node_1": "中药名\t细辛",
    "relation": "dose",
    "node_2": "剂量\t一两（30g）"
  },
  {
    "node_1": "处方\t川芎茶调散",
    "relation": "composition",
    "node_2": "中药名\t防风"
  },
  {
    "node_1": "中药名\t防风",
    "relation": "dose",
    "node_2": "剂量\t一两半（45g）"
  },
  {
    "node_1": "处方\t川芎茶调散",
    "relation": "composition",
    "node_2": "中药名\t薄荷叶"
  },
  {
    "node_1": "中药名\t薄荷叶",
    "relation": "dose",
    "node_2": "剂量\t八两（240g）"
  }
]