[
  {
    "node_1": "方剂\t方剂",
    "relation": "include",
    "node_2": "方名\t大秦艽汤"
  },
  {
    "node_1": "方名\t大秦艽汤",
    "relation": "from",
    "node_2": "来源\t《素问病机气宜保命集》"
  },
  {
    "node_1": "方名\t大秦艽汤",
    "relation": "functions",
    "node_2": "功能主治\t手足不能运动"
  },
  {
    "node_1": "方名\t大秦艽汤",
    "relation": "functions",
    "node_2": "功能主治\t养血活血"
  },
  {
    "node_1": "方名\t大秦艽汤",
    "relation": "functions",
    "node_2": "功能主治\t恶寒发热"
  },
  {
    "node_1": "方名\t大秦艽汤",
    "relation": "functions",
    "node_2": "功能主治\t脉浮数或弦细"
  },
  {
    "node_1": "方名\t大秦艽汤",
    "relation": "functions",
    "node_2": "功能主治\t苔白或黄"
  },
  {
    "node_1": "方名\t大秦艽汤",
    "relation": "functions",
    "node_2": "功能主治\t口眼斜"
  },
  {
    "node_1": "方名\t大秦艽汤",
    "relation": "functions",
    "node_2": "功能主治\t舌强不能言语"
  },
  {
    "node_1": "方名\t大秦艽汤",
    "relation": "functions",
    "node_2": "功能主治\t风邪初中经络证"
  },
  {
    "node_1": "方名\t大秦艽汤",
    "relation": "functions",
    "node_2": "功能主治\t肢体挛急"
  },
  {
    "node_1": "方名\t大秦艽汤",
    "relation": "functions",
    "node_2": "功能主治\t疏风清热"
  },
  {
    "node_1": "方名\t大秦艽汤",
    "relation": "prescription type",
    "node_2": "处方\t大秦艽汤"
  },
  {
    "node_1": "处方\t大秦艽汤",
    "relation": "composition",
    "node_2": "中药名\t秦艽"
  },
  {
    "node_1": "中药名\t秦艽",
    "relation": "dose",
    "node_2": "剂量\t三两 (90g)"
  },
  {
    "node_1": "处方\t大秦艽汤",
    "relation": "composition",
    "node_2": "中药名\t甘草"
  },
  {
    "node_1": "中药名\t甘草",
    "relation": "dose",
    "node_2": "剂量\t二两 (60g)"
  },
  {
    "node_1": "处方\t大秦艽汤",
    "relation": "composition",
    "node_2": "中药名\t川芎"
  },
  {
    "node_1": "中药名\t川芎",
    "relation": "dose",
    "node_2": "剂量\t二两 (60g)"
  },
  {
    "node_1": "处方\t大秦艽汤",
    "relation": "composition",
    "node_2": "中药名\t当归"
  },
  {
    "node_1": "中药名\t当归",
    "relation": "dose",
    "node_2": "剂量\t二两 (60g)"
  },
  {
    "node_1": "处方\t大秦艽汤",
    "relation": "composition",
    "node_2": "中药名\t白芍药"
  },
  {
    "node_1": "中药名\t白芍药",
    "relation": "dose",
    "node_2": "剂量\t二两 (60g)"
  },
  {
    "node_1": "处方\t大秦艽汤",
    "relation": "composition",
    "node_2": "中药名\t细辛"
  },
  {
    "node_1": "中药名\t细辛",
    "relation": "dose",
    "node_2": "剂量\t半两 (15g)"
  },
  {
    "node_1": "处方\t大秦艽汤",
    "relation": "composition",
    "node_2": "中药名\t川羌活"
  },
  {
    "node_1": "中药名\t川羌活",
    "relation": "dose",
    "node_2": "剂量\t一两 (30g)"
  },
  {
    "node_1": "处方\t大秦艽汤",
    "relation": "composition",
    "node_2": "中药名\t防风"
  },
  {
    "node_1": "中药名\t防风",
    "relation": "dose",
    "node_2": "剂量\t一两 (30g)"
  },
  {
    "node_1": "处方\t大秦艽汤",
    "relation": "composition",
    "node_2": "中药名\t黄芩"
  },
  {
    "node_1": "中药名\t黄芩",
    "relation": "dose",
    "node_2": "剂量\t一两 (30g)"
  },
  {
    "node_1": "处方\t大秦艽汤",
    "relation": "composition",
    "node_2": "中药名\t石膏"
  },
  {
    "node_1": "中药名\t石膏",
    "relation": "dose",
    "node_2": "剂量\t二两 (60g)"
  },
  {
    "node_1": "处方\t大秦艽汤",
    "relation": "composition",
    "node_2": "中药名\t吴白芷"
  },
  {
    "node_1": "中药名\t吴白芷",
    "relation": "dose",
    "node_2": "剂量\t一两 (30g)"
  },
  {
    "node_1": "处方\t大秦艽汤",
    "relation": "composition",
    "node_2": "中药名\t白术"
  },
  {
    "node_1": "中药名\t白术",
    "relation": "dose",
    "node_2": "剂量\t一两 (30g)"
  },
  {
    "node_1": "处方\t大秦艽汤",
    "relation": "composition",
    "node_2": "中药名\t生地黄"
  },
  {
    "node_1": "中药名\t生地黄",
    "relation": "dose",
    "node_2": "剂量\t一两 (30g)"
  },
  {
    "node_1": "处方\t大秦艽汤",
    "relation": "composition",
    "node_2": "中药名\t熟地黄"
  },
  {
    "node_1": "中药名\t熟地黄",
    "relation": "dose",
    "node_2": "剂量\t一两 (30g)"
  },
  {
    "node_1": "处方\t大秦艽汤",
    "relation": "composition",
    "node_2": "中药名\t白茯苓"
  },
  {
    "node_1": "中药名\t白茯苓",
    "relation": "dose",
    "node_2": "剂量\t一两 (30g)"
  },
  {
    "node_1": "处方\t大秦艽汤",
    "relation": "composition",
    "node_2": "中药名\t川独活"
  },
  {
    "node_1": "中药名\t川独活",
    "relation": "dose",
    "node_2": "剂量\t二两 (60g)"
  }
]