[
  {
    "node_1": "方剂\t方剂",
    "relation": "include",
    "node_2": "方名\t滚痰丸"
  },
  {
    "node_1": "方名\t滚痰丸",
    "relation": "from",
    "node_2": "来源\t《泰定养生主论》录自《玉机细微义》"
  },
  {
    "node_1": "方名\t滚痰丸",
    "relation": "functions",
    "node_2": "功能主治\t或噎息烦闷"
  },
  {
    "node_1": "方名\t滚痰丸",
    "relation": "functions",
    "node_2": "功能主治\t或梦寐奇怪之状"
  },
  {
    "node_1": "方名\t滚痰丸",
    "relation": "functions",
    "node_2": "功能主治\t大便秘结"
  },
  {
    "node_1": "方名\t滚痰丸",
    "relation": "functions",
    "node_2": "功能主治\t或怔忡昏迷"
  },
  {
    "node_1": "方名\t滚痰丸",
    "relation": "functions",
    "node_2": "功能主治\t发为癫狂惊悸"
  },
  {
    "node_1": "方名\t滚痰丸",
    "relation": "functions",
    "node_2": "功能主治\t或骨节卒痛难以名状"
  },
  {
    "node_1": "方名\t滚痰丸",
    "relation": "functions",
    "node_2": "功能主治\t泻火逐痰"
  },
  {
    "node_1": "方名\t滚痰丸",
    "relation": "functions",
    "node_2": "功能主治\t或口眼蠕动"
  },
  {
    "node_1": "方名\t滚痰丸",
    "relation": "functions",
    "node_2": "功能主治\t舌苔黄厚"
  },
  {
    "node_1": "方名\t滚痰丸",
    "relation": "functions",
    "node_2": "功能主治\t或眩晕耳鸣"
  },
  {
    "node_1": "方名\t滚痰丸",
    "relation": "functions",
    "node_2": "功能主治\t脉滑数有力"
  },
  {
    "node_1": "方名\t滚痰丸",
    "relation": "functions",
    "node_2": "功能主治\t实热老痰证"
  },
  {
    "node_1": "方名\t滚痰丸",
    "relation": "functions",
    "node_2": "功能主治\t或绕项结核"
  },
  {
    "node_1": "方名\t滚痰丸",
    "relation": "functions",
    "node_2": "功能主治\t或胸脘痞闷"
  },
  {
    "node_1": "方名\t滚痰丸",
    "relation": "functions",
    "node_2": "功能主治\t或不寐"
  },
  {
    "node_1": "方名\t滚痰丸",
    "relation": "functions",
    "node_2": "功能主治\t或咳喘痰稠"
  },
  {
    "node_1": "方名\t滚痰丸",
    "relation": "prescription type",
    "node_2": "处方\t滚痰丸"
  },
  {
    "node_1": "处方\t滚痰丸",
    "relation": "composition",
    "node_2": "中药名\t大黄"
  },
  {
    "node_1": "中药名\t大黄",
    "relation": "dose",
    "node_2": "剂量\t240g"
  },
  {
    "node_1": "处方\t滚痰丸",
    "relation": "composition",
    "node_2": "中药名\t片黄芩"
  },
  {
    "node_1": "中药名\t片黄芩",
    "relation": "dose",
    "node_2": "剂量\t240g"
  },
  {
    "node_1": "处方\t滚痰丸",
    "relation": "composition",
    "node_2": "中药名\t礞石"
  },
  {
    "node_1": "中药名\t礞石",
    "relation": "dose",
    "node_2": "剂量\t30g"
  },
  {
    "node_1": "处方\t滚痰丸",
    "relation": "composition",
    "node_2": "中药名\t沉香"
  },
  {
    "node_1": "中药名\t沉香",
    "relation": "dose",
    "node_2": "剂量\t15g"
  }
]