[
  {
    "node_1": "方剂\t方剂",
    "relation": "include",
    "node_2": "方名\t四逆加人参汤"
  },
  {
    "node_1": "方名\t四逆加人参汤",
    "relation": "from",
    "node_2": "来源\t《伤寒论》"
  },
  {
    "node_1": "方名\t四逆加人参汤",
    "relation": "another name",
    "node_2": "别名\t人参四顺汤（《鸡峰普济方》卷五）"
  },
  {
    "node_1": "方名\t四逆加人参汤",
    "relation": "another name",
    "node_2": "别名\t四顺汤（《肘后方》卷二）"
  },
  {
    "node_1": "方名\t四逆加人参汤",
    "relation": "another name",
    "node_2": "别名\t回阳饮（《医学集成》卷一）"
  },
  {
    "node_1": "方名\t四逆加人参汤",
    "relation": "functions",
    "node_2": "功能主治\t脉微而复自下利"
  },
  {
    "node_1": "方名\t四逆加人参汤",
    "relation": "functions",
    "node_2": "功能主治\t利虽止而余症仍在者"
  },
  {
    "node_1": "方名\t四逆加人参汤",
    "relation": "functions",
    "node_2": "功能主治\t恶寒蜷卧"
  },
  {
    "node_1": "方名\t四逆加人参汤",
    "relation": "functions",
    "node_2": "功能主治\t恶寒脉微"
  },
  {
    "node_1": "方名\t四逆加人参汤",
    "relation": "functions",
    "node_2": "功能主治\t少阴病"
  },
  {
    "node_1": "方名\t四逆加人参汤",
    "relation": "functions",
    "node_2": "功能主治\t阳气衰微"
  },
  {
    "node_1": "方名\t四逆加人参汤",
    "relation": "functions",
    "node_2": "功能主治\t阴液内竭"
  },
  {
    "node_1": "方名\t四逆加人参汤",
    "relation": "functions",
    "node_2": "功能主治\t四肢厥逆"
  },
  {
    "node_1": "方名\t四逆加人参汤",
    "relation": "functions",
    "node_2": "功能主治\t下利而利忽自止者"
  },
  {
    "node_1": "方名\t四逆加人参汤",
    "relation": "prescription type",
    "node_2": "处方\t四逆加人参汤"
  },
  {
    "node_1": "处方\t四逆加人参汤",
    "relation": "composition",
    "node_2": "中药名\t甘草",
    "weight": "6克（炙）"
  },
  {
    "node_1": "处方\t四逆加人参汤",
    "relation": "composition",
    "node_2": "中药名\t附子",
    "weight": "10克（生，去皮）"
  },
  {
    "node_1": "处方\t四逆加人参汤",
    "relation": "composition",
    "node_2": "中药名\t干姜",
    "weight": "4.5克"
  },
  {
    "node_1": "处方\t四逆加人参汤",
    "relation": "composition",
    "node_2": "中药名\t人参",
    "weight": "3克"
  }
]