[
  {
    "node_1": "方剂\t方剂",
    "relation": "include",
    "node_2": "方名\t封髓丹"
  },
  {
    "node_1": "方名\t封髓丹",
    "relation": "from",
    "node_2": "来源\t《御药院方》卷六；《北京市中药成方选集》；《医方类聚》卷一五三引《经验秘方》"
  },
  {
    "node_1": "方名\t封髓丹",
    "relation": "functions",
    "node_2": "功能主治\t肾阴不足"
  },
  {
    "node_1": "方名\t封髓丹",
    "relation": "functions",
    "node_2": "功能主治\t降心火"
  },
  {
    "node_1": "方名\t封髓丹",
    "relation": "functions",
    "node_2": "功能主治\t降火止遗"
  },
  {
    "node_1": "方名\t封髓丹",
    "relation": "functions",
    "node_2": "功能主治\t添精补髓"
  },
  {
    "node_1": "方名\t封髓丹",
    "relation": "functions",
    "node_2": "功能主治\t升阳壮气"
  },
  {
    "node_1": "方名\t封髓丹",
    "relation": "functions",
    "node_2": "功能主治\t滋阴降火"
  },
  {
    "node_1": "方名\t封髓丹",
    "relation": "functions",
    "node_2": "功能主治\t相火妄动"
  },
  {
    "node_1": "方名\t封髓丹",
    "relation": "functions",
    "node_2": "功能主治\t阳关不守"
  },
  {
    "node_1": "方名\t封髓丹",
    "relation": "functions",
    "node_2": "功能主治\t主诸虚"
  },
  {
    "node_1": "方名\t封髓丹",
    "relation": "functions",
    "node_2": "功能主治\t梦遗滑精"
  },
  {
    "node_1": "方名\t封髓丹",
    "relation": "functions",
    "node_2": "功能主治\t固精封髓"
  },
  {
    "node_1": "方名\t封髓丹",
    "relation": "functions",
    "node_2": "功能主治\t夜梦遗精"
  },
  {
    "node_1": "方名\t封髓丹",
    "relation": "functions",
    "node_2": "功能主治\t益肾水"
  },
  {
    "node_1": "方名\t封髓丹",
    "relation": "functions",
    "node_2": "功能主治\t主肾气虚弱"
  },
  {
    "node_1": "方名\t封髓丹",
    "relation": "prescription type",
    "node_2": "处方\t封髓丹"
  },
  {
    "node_1": "处方\t封髓丹",
    "relation": "composition",
    "node_2": "中药名\t商黄柏",
    "weight": "半两"
  },
  {
    "node_1": "处方\t封髓丹",
    "relation": "composition",
    "node_2": "中药名\t刘寄奴",
    "weight": "半两"
  },
  {
    "node_1": "处方\t封髓丹",
    "relation": "composition",
    "node_2": "中药名\t新莲蕊",
    "weight": "半两"
  },
  {
    "node_1": "处方\t封髓丹",
    "relation": "composition",
    "node_2": "中药名\t破故纸",
    "weight": "1两"
  },
  {
    "node_1": "处方\t封髓丹",
    "relation": "composition",
    "node_2": "中药名\t母丁香",
    "weight": "适量"
  },
  {
    "node_1": "处方\t封髓丹",
    "relation": "composition",
    "node_2": "中药名\t蛤蚧",
    "weight": "1对"
  },
  {
    "node_1": "处方\t封髓丹",
    "relation": "composition",
    "node_2": "中药名\t枣针",
    "weight": "半两"
  }
]