[
  {
    "node_1": "方剂\t方剂",
    "relation": "include",
    "node_2": "方名\t开郁种玉汤"
  },
  {
    "node_1": "方名\t开郁种玉汤",
    "relation": "from",
    "node_2": "来源\t《傅青主女科》卷上"
  },
  {
    "node_1": "方名\t开郁种玉汤",
    "relation": "functions",
    "node_2": "功能主治\t用于肝郁证不孕症"
  },
  {
    "node_1": "方名\t开郁种玉汤",
    "relation": "functions",
    "node_2": "功能主治\t苔薄白"
  },
  {
    "node_1": "方名\t开郁种玉汤",
    "relation": "functions",
    "node_2": "功能主治\t或急躁易怒"
  },
  {
    "node_1": "方名\t开郁种玉汤",
    "relation": "functions",
    "node_2": "功能主治\t主治治妇人肝气郁结所致的不孕症"
  },
  {
    "node_1": "方名\t开郁种玉汤",
    "relation": "functions",
    "node_2": "功能主治\t经行乳房胀痛用于肝郁证"
  },
  {
    "node_1": "方名\t开郁种玉汤",
    "relation": "functions",
    "node_2": "功能主治\t调经种子"
  },
  {
    "node_1": "方名\t开郁种玉汤",
    "relation": "functions",
    "node_2": "功能主治\t时叹息"
  },
  {
    "node_1": "方名\t开郁种玉汤",
    "relation": "functions",
    "node_2": "功能主治\t经行量少不畅"
  },
  {
    "node_1": "方名\t开郁种玉汤",
    "relation": "functions",
    "node_2": "功能主治\t情志抑郁不畅"
  },
  {
    "node_1": "方名\t开郁种玉汤",
    "relation": "functions",
    "node_2": "功能主治\t先后不一"
  },
  {
    "node_1": "方名\t开郁种玉汤",
    "relation": "functions",
    "node_2": "功能主治\t小腹胀痛"
  },
  {
    "node_1": "方名\t开郁种玉汤",
    "relation": "functions",
    "node_2": "功能主治\t舌质暗红"
  },
  {
    "node_1": "方名\t开郁种玉汤",
    "relation": "functions",
    "node_2": "功能主治\t精神抑郁"
  },
  {
    "node_1": "方名\t开郁种玉汤",
    "relation": "functions",
    "node_2": "功能主治\t疏肝解郁"
  },
  {
    "node_1": "方名\t开郁种玉汤",
    "relation": "functions",
    "node_2": "功能主治\t脉弦"
  },
  {
    "node_1": "方名\t开郁种玉汤",
    "relation": "functions",
    "node_2": "功能主治\t有血块"
  },
  {
    "node_1": "方名\t开郁种玉汤",
    "relation": "functions",
    "node_2": "功能主治\t可见经前乳房胀痒作痛"
  },
  {
    "node_1": "方名\t开郁种玉汤",
    "relation": "functions",
    "node_2": "功能主治\t胸胁胀满"
  },
  {
    "node_1": "方名\t开郁种玉汤",
    "relation": "functions",
    "node_2": "功能主治\t色紫红"
  },
  {
    "node_1": "方名\t开郁种玉汤",
    "relation": "functions",
    "node_2": "功能主治\t可见月经不调"
  },
  {
    "node_1": "方名\t开郁种玉汤",
    "relation": "functions",
    "node_2": "功能主治\t胸闷胁胀"
  },
  {
    "node_1": "方名\t开郁种玉汤",
    "relation": "functions",
    "node_2": "功能主治\t经前乳房胀痛"
  },
  {
    "node_1": "方名\t开郁种玉汤",
    "relation": "prescription type",
    "node_2": "处方\t开郁种玉汤"
  },
  {
    "node_1": "处方\t开郁种玉汤",
    "relation": "composition",
    "node_2": "中药名\t白芍",
    "weight": "30克"
  },
  {
    "node_1": "处方\t开郁种玉汤",
    "relation": "composition",
    "node_2": "中药名\t香附",
    "weight": "9克"
  },
  {
    "node_1": "处方\t开郁种玉汤",
    "relation": "composition",
    "node_2": "中药名\t当归",
    "weight": "15克"
  },
  {
    "node_1": "处方\t开郁种玉汤",
    "relation": "composition",
    "node_2": "中药名\t白术",
    "weight": "15克"
  },
  {
    "node_1": "处方\t开郁种玉汤",
    "relation": "composition",
    "node_2": "中药名\t丹皮",
    "weight": "9克"
  },
  {
    "node_1": "处方\t开郁种玉汤",
    "relation": "composition",
    "node_2": "中药名\t茯苓",
    "weight": "9克"
  },
  {
    "node_1": "处方\t开郁种玉汤",
    "relation": "composition",
    "node_2": "中药名\t花粉",
    "weight": "6克"
  }
]