[
  {
    "node_1": "方剂\t方剂",
    "relation": "include",
    "node_2": "方名\t海浮散"
  },
  {
    "node_1": "方名\t海浮散",
    "relation": "from",
    "node_2": "来源\t《疮疡经验全书》卷四"
  },
  {
    "node_1": "方名\t海浮散",
    "relation": "functions",
    "node_2": "功能主治\t祛腐生肌"
  },
  {
    "node_1": "方名\t海浮散",
    "relation": "functions",
    "node_2": "功能主治\t脓毒将尽"
  },
  {
    "node_1": "方名\t海浮散",
    "relation": "functions",
    "node_2": "功能主治\t治疮疡溃后"
  },
  {
    "node_1": "方名\t海浮散",
    "relation": "functions",
    "node_2": "功能主治\t止痛止血"
  },
  {
    "node_1": "方名\t海浮散",
    "relation": "functions",
    "node_2": "功能主治\t乳癌溃破"
  },
  {
    "node_1": "方名\t海浮散",
    "relation": "prescription type",
    "node_2": "处方\t海浮散"
  },
  {
    "node_1": "处方\t海浮散",
    "relation": "composition",
    "node_2": "中药名\t乳香",
    "weight": "各等分"
  },
  {
    "node_1": "处方\t海浮散",
    "relation": "composition",
    "node_2": "中药名\t没药",
    "weight": "各等分"
  }
]