[
  {
    "node_1": "方剂\t方剂",
    "relation": "include",
    "node_2": "方名\t葶苈大枣泻肺汤（又名葶苈大枣汤、葶苈泻肺汤）"
  },
  {
    "node_1": "方名\t葶苈大枣泻肺汤（又名葶苈大枣汤、葶苈泻肺汤）",
    "relation": "from",
    "node_2": "来源\t《金匮要略》"
  },
  {
    "node_1": "方名\t葶苈大枣泻肺汤（又名葶苈大枣汤、葶苈泻肺汤）",
    "relation": "functions",
    "node_2": "功能主治\t不闻香臭酸辛"
  },
  {
    "node_1": "方名\t葶苈大枣泻肺汤（又名葶苈大枣汤、葶苈泻肺汤）",
    "relation": "functions",
    "node_2": "功能主治\t脉弦滑"
  },
  {
    "node_1": "方名\t葶苈大枣泻肺汤（又名葶苈大枣汤、葶苈泻肺汤）",
    "relation": "functions",
    "node_2": "功能主治\t咳喘胸胀不得卧"
  },
  {
    "node_1": "方名\t葶苈大枣泻肺汤（又名葶苈大枣汤、葶苈泻肺汤）",
    "relation": "functions",
    "node_2": "功能主治\t鼻塞清涕出"
  },
  {
    "node_1": "方名\t葶苈大枣泻肺汤（又名葶苈大枣汤、葶苈泻肺汤）",
    "relation": "functions",
    "node_2": "功能主治\t支饮胸满者"
  },
  {
    "node_1": "方名\t葶苈大枣泻肺汤（又名葶苈大枣汤、葶苈泻肺汤）",
    "relation": "functions",
    "node_2": "功能主治\t面目浮肿"
  },
  {
    "node_1": "方名\t葶苈大枣泻肺汤（又名葶苈大枣汤、葶苈泻肺汤）",
    "relation": "functions",
    "node_2": "功能主治\t主治肺痈喘不得卧"
  },
  {
    "node_1": "方名\t葶苈大枣泻肺汤（又名葶苈大枣汤、葶苈泻肺汤）",
    "relation": "functions",
    "node_2": "功能主治\t一身面目浮肿"
  },
  {
    "node_1": "方名\t葶苈大枣泻肺汤（又名葶苈大枣汤、葶苈泻肺汤）",
    "relation": "functions",
    "node_2": "功能主治\t咳逆上气"
  },
  {
    "node_1": "方名\t葶苈大枣泻肺汤（又名葶苈大枣汤、葶苈泻肺汤）",
    "relation": "functions",
    "node_2": "功能主治\t泻肺行水"
  },
  {
    "node_1": "方名\t葶苈大枣泻肺汤（又名葶苈大枣汤、葶苈泻肺汤）",
    "relation": "functions",
    "node_2": "功能主治\t下气平喘"
  },
  {
    "node_1": "方名\t葶苈大枣泻肺汤（又名葶苈大枣汤、葶苈泻肺汤）",
    "relation": "functions",
    "node_2": "功能主治\t喘鸣迫塞"
  },
  {
    "node_1": "方名\t葶苈大枣泻肺汤（又名葶苈大枣汤、葶苈泻肺汤）",
    "relation": "functions",
    "node_2": "功能主治\t或心悸"
  },
  {
    "node_1": "方名\t葶苈大枣泻肺汤（又名葶苈大枣汤、葶苈泻肺汤）",
    "relation": "functions",
    "node_2": "功能主治\t痰涎壅盛"
  },
  {
    "node_1": "方名\t葶苈大枣泻肺汤（又名葶苈大枣汤、葶苈泻肺汤）",
    "relation": "functions",
    "node_2": "功能主治\t苔腻"
  },
  {
    "node_1": "方名\t葶苈大枣泻肺汤（又名葶苈大枣汤、葶苈泻肺汤）",
    "relation": "prescription type",
    "node_2": "处方\t葶苈大枣泻肺汤（又名葶苈大枣汤、葶苈泻肺汤）"
  },
  {
    "node_1": "处方\t葶苈大枣泻肺汤（又名葶苈大枣汤、葶苈泻肺汤）",
    "relation": "composition",
    "node_2": "中药名\t葶苈子",
    "weight": "五钱(15克)"
  },
  {
    "node_1": "处方\t葶苈大枣泻肺汤（又名葶苈大枣汤、葶苈泻肺汤）",
    "relation": "composition",
    "node_2": "中药名\t大枣",
    "weight": "五钱(15克)"
  }
]