[
  {
    "node_1": "方剂\t方剂",
    "relation": "include",
    "node_2": "方名\t麻黄连翘赤小豆汤"
  },
  {
    "node_1": "方名\t麻黄连翘赤小豆汤",
    "relation": "from",
    "node_2": "来源\t《伤寒论》"
  },
  {
    "node_1": "方名\t麻黄连翘赤小豆汤",
    "relation": "functions",
    "node_2": "功能主治\t热蕴郁于内，外阻经络肌肤之病候"
  },
  {
    "node_1": "方名\t麻黄连翘赤小豆汤",
    "relation": "functions",
    "node_2": "功能主治\t湿热蕴郁于内，外阻经络肌肤之病候"
  },
  {
    "node_1": "方名\t麻黄连翘赤小豆汤",
    "relation": "prescription type",
    "node_2": "处方\t麻黄连翘赤小豆汤"
  },
  {
    "node_1": "处方\t麻黄连翘赤小豆汤",
    "relation": "composition",
    "node_2": "中药名\t麻黄",
    "weight": "6克"
  },
  {
    "node_1": "处方\t麻黄连翘赤小豆汤",
    "relation": "composition",
    "node_2": "中药名\t连翘",
    "weight": "9克"
  },
  {
    "node_1": "处方\t麻黄连翘赤小豆汤",
    "relation": "composition",
    "node_2": "中药名\t杏仁",
    "weight": "9克"
  },
  {
    "node_1": "处方\t麻黄连翘赤小豆汤",
    "relation": "composition",
    "node_2": "中药名\t赤小豆",
    "weight": "30克"
  },
  {
    "node_1": "处方\t麻黄连翘赤小豆汤",
    "relation": "composition",
    "node_2": "中药名\t大枣",
    "weight": "12枚"
  },
  {
    "node_1": "处方\t麻黄连翘赤小豆汤",
    "relation": "composition",
    "node_2": "中药名\t桑白皮",
    "weight": "10克"
  },
  {
    "node_1": "处方\t麻黄连翘赤小豆汤",
    "relation": "composition",
    "node_2": "中药名\t生姜",
    "weight": "6克"
  },
  {
    "node_1": "处方\t麻黄连翘赤小豆汤",
    "relation": "composition",
    "node_2": "中药名\t炙甘草",
    "weight": "6克"
  }
]