[
  {
    "node_1": "方剂\t方剂",
    "relation": "include",
    "node_2": "方名\t三星汤"
  },
  {
    "node_1": "方名\t三星汤",
    "relation": "from",
    "node_2": "来源\t《辨证录》卷十三"
  },
  {
    "node_1": "方名\t三星汤",
    "relation": "functions",
    "node_2": "功能主治\t健脾开胃"
  },
  {
    "node_1": "方名\t三星汤",
    "relation": "functions",
    "node_2": "功能主治\t消食"
  },
  {
    "node_1": "方名\t三星汤",
    "relation": "prescription type",
    "node_2": "处方\t三星汤"
  },
  {
    "node_1": "处方\t三星汤",
    "relation": "composition",
    "node_2": "中药名\t谷芽",
    "weight": "10克"
  },
  {
    "node_1": "处方\t三星汤",
    "relation": "composition",
    "node_2": "中药名\t麦芽",
    "weight": "10克"
  },
  {
    "node_1": "处方\t三星汤",
    "relation": "composition",
    "node_2": "中药名\t山楂",
    "weight": "5克（一岁以上）"
  }
]