[
  {
    "node_1": "方剂\t方剂",
    "relation": "include",
    "node_2": "方名\t栀子豆鼓汤（栀子豉汤）"
  },
  {
    "node_1": "方名\t栀子豆鼓汤（栀子豉汤）",
    "relation": "from",
    "node_2": "来源\t《伤寒论》"
  },
  {
    "node_1": "方名\t栀子豆鼓汤（栀子豉汤）",
    "relation": "functions",
    "node_2": "功能主治\t甚者反复颠倒"
  },
  {
    "node_1": "方名\t栀子豆鼓汤（栀子豉汤）",
    "relation": "functions",
    "node_2": "功能主治\t淡豆豉有降低胆固醇作用"
  },
  {
    "node_1": "方名\t栀子豆鼓汤（栀子豉汤）",
    "relation": "functions",
    "node_2": "功能主治\t外感热病气分轻症"
  },
  {
    "node_1": "方名\t栀子豆鼓汤（栀子豉汤）",
    "relation": "functions",
    "node_2": "功能主治\t淡豆豉有抗骨质疏松作用"
  },
  {
    "node_1": "方名\t栀子豆鼓汤（栀子豉汤）",
    "relation": "functions",
    "node_2": "功能主治\t栀子有抗菌作用"
  },
  {
    "node_1": "方名\t栀子豆鼓汤（栀子豉汤）",
    "relation": "functions",
    "node_2": "功能主治\t治疗焦虑症"
  },
  {
    "node_1": "方名\t栀子豆鼓汤（栀子豉汤）",
    "relation": "functions",
    "node_2": "功能主治\t淡豆豉有抗氧化作用"
  },
  {
    "node_1": "方名\t栀子豆鼓汤（栀子豉汤）",
    "relation": "functions",
    "node_2": "功能主治\t治疗抑郁症"
  },
  {
    "node_1": "方名\t栀子豆鼓汤（栀子豉汤）",
    "relation": "functions",
    "node_2": "功能主治\t胸脘痞闷"
  },
  {
    "node_1": "方名\t栀子豆鼓汤（栀子豉汤）",
    "relation": "functions",
    "node_2": "功能主治\t治疗小儿睡惊症"
  },
  {
    "node_1": "方名\t栀子豆鼓汤（栀子豉汤）",
    "relation": "functions",
    "node_2": "功能主治\t栀子有阵痛作用"
  },
  {
    "node_1": "方名\t栀子豆鼓汤（栀子豉汤）",
    "relation": "functions",
    "node_2": "功能主治\t淡豆豉有雌激素样作用"
  },
  {
    "node_1": "方名\t栀子豆鼓汤（栀子豉汤）",
    "relation": "functions",
    "node_2": "功能主治\t栀子有保肝作用"
  },
  {
    "node_1": "方名\t栀子豆鼓汤（栀子豉汤）",
    "relation": "functions",
    "node_2": "功能主治\t淡豆豉有抗自由基作用"
  },
  {
    "node_1": "方名\t栀子豆鼓汤（栀子豉汤）",
    "relation": "functions",
    "node_2": "功能主治\t除烦止躁"
  },
  {
    "node_1": "方名\t栀子豆鼓汤（栀子豉汤）",
    "relation": "functions",
    "node_2": "功能主治\t清宣郁热"
  },
  {
    "node_1": "方名\t栀子豆鼓汤（栀子豉汤）",
    "relation": "functions",
    "node_2": "功能主治\t淡豆豉有抗肿瘤作用"
  },
  {
    "node_1": "方名\t栀子豆鼓汤（栀子豉汤）",
    "relation": "functions",
    "node_2": "功能主治\t栀子有抗炎作用"
  },
  {
    "node_1": "方名\t栀子豆鼓汤（栀子豉汤）",
    "relation": "functions",
    "node_2": "功能主治\t虚烦不得眠"
  },
  {
    "node_1": "方名\t栀子豆鼓汤（栀子豉汤）",
    "relation": "functions",
    "node_2": "功能主治\t淡豆豉有降低过氧化脂质作用"
  },
  {
    "node_1": "方名\t栀子豆鼓汤（栀子豉汤）",
    "relation": "functions",
    "node_2": "功能主治\t心中懊侬"
  },
  {
    "node_1": "方名\t栀子豆鼓汤（栀子豉汤）",
    "relation": "functions",
    "node_2": "功能主治\t表邪已罢"
  },
  {
    "node_1": "方名\t栀子豆鼓汤（栀子豉汤）",
    "relation": "functions",
    "node_2": "功能主治\t栀子有利胆作用"
  },
  {
    "node_1": "方名\t栀子豆鼓汤（栀子豉汤）",
    "relation": "functions",
    "node_2": "功能主治\t脉数"
  },
  {
    "node_1": "方名\t栀子豆鼓汤（栀子豉汤）",
    "relation": "functions",
    "node_2": "功能主治\t栀子有解热作用"
  },
  {
    "node_1": "方名\t栀子豆鼓汤（栀子豉汤）",
    "relation": "functions",
    "node_2": "功能主治\t淡豆豉有心血管保护作用"
  },
  {
    "node_1": "方名\t栀子豆鼓汤（栀子豉汤）",
    "relation": "functions",
    "node_2": "功能主治\t治疗失眠"
  },
  {
    "node_1": "方名\t栀子豆鼓汤（栀子豉汤）",
    "relation": "functions",
    "node_2": "功能主治\t淡豆豉有抗早老年性痴呆作用"
  },
  {
    "node_1": "方名\t栀子豆鼓汤（栀子豉汤）",
    "relation": "functions",
    "node_2": "功能主治\t治疗反流性食管炎"
  },
  {
    "node_1": "方名\t栀子豆鼓汤（栀子豉汤）",
    "relation": "functions",
    "node_2": "功能主治\t舌苔薄黄腻"
  },
  {
    "node_1": "方名\t栀子豆鼓汤（栀子豉汤）",
    "relation": "functions",
    "node_2": "功能主治\t栀子有抗病毒作用"
  },
  {
    "node_1": "方名\t栀子豆鼓汤（栀子豉汤）",
    "relation": "functions",
    "node_2": "功能主治\t饥不能食"
  },
  {
    "node_1": "方名\t栀子豆鼓汤（栀子豉汤）",
    "relation": "prescription type",
    "node_2": "处方\t栀子豆鼓汤（栀子豉汤）"
  },
  {
    "node_1": "处方\t栀子豆鼓汤（栀子豉汤）",
    "relation": "composition",
    "node_2": "中药名\t栀子",
    "weight": "十四个(9克)"
  },
  {
    "node_1": "处方\t栀子豆鼓汤（栀子豉汤）",
    "relation": "composition",
    "node_2": "中药名\t香豉",
    "weight": "四合(6克)"
  }
]