[
  {
    "node_1": "方剂\t方剂",
    "relation": "include",
    "node_2": "方名\t甘草泻心汤"
  },
  {
    "node_1": "方名\t甘草泻心汤",
    "relation": "from",
    "node_2": "来源\t《伤寒论》"
  },
  {
    "node_1": "方名\t甘草泻心汤",
    "relation": "functions",
    "node_2": "功能主治\t消痞止呕"
  },
  {
    "node_1": "方名\t甘草泻心汤",
    "relation": "functions",
    "node_2": "功能主治\t益气和胃"
  },
  {
    "node_1": "方名\t甘草泻心汤",
    "relation": "functions",
    "node_2": "功能主治\t治胃虚气结夹湿之痞"
  },
  {
    "node_1": "方名\t甘草泻心汤",
    "relation": "functions",
    "node_2": "功能主治\t治伤寒中风，医反下之，以致胃气虚弱，其人下利日数十行，完谷不化，腹中雷鸣，心下痞硬而满，干呕，心烦不得安"
  },
  {
    "node_1": "方名\t甘草泻心汤",
    "relation": "prescription type",
    "node_2": "处方\t甘草泻心汤"
  },
  {
    "node_1": "处方\t甘草泻心汤",
    "relation": "composition",
    "node_2": "中药名\t甘草",
    "weight": "12克（炙）"
  },
  {
    "node_1": "处方\t甘草泻心汤",
    "relation": "composition",
    "node_2": "中药名\t黄芩",
    "weight": "9克"
  },
  {
    "node_1": "处方\t甘草泻心汤",
    "relation": "composition",
    "node_2": "中药名\t干姜",
    "weight": "9克"
  },
  {
    "node_1": "处方\t甘草泻心汤",
    "relation": "composition",
    "node_2": "中药名\t半夏",
    "weight": "9克（洗）"
  },
  {
    "node_1": "处方\t甘草泻心汤",
    "relation": "composition",
    "node_2": "中药名\t大枣",
    "weight": "12枚（擘）"
  },
  {
    "node_1": "处方\t甘草泻心汤",
    "relation": "composition",
    "node_2": "中药名\t黄连",
    "weight": "3克"
  }
]