[
  {
    "node_1": "方剂\t方剂",
    "relation": "include",
    "node_2": "方名\t生肌散"
  },
  {
    "node_1": "方名\t生肌散",
    "relation": "from",
    "node_2": "来源\t《外科正宗》"
  },
  {
    "node_1": "方名\t生肌散",
    "relation": "functions",
    "node_2": "功能主治\t临床主要用于治疗疮疡"
  },
  {
    "node_1": "方名\t生肌散",
    "relation": "functions",
    "node_2": "功能主治\t主治脓水将尽之证"
  },
  {
    "node_1": "方名\t生肌散",
    "relation": "functions",
    "node_2": "功能主治\t主治诸种溃疡"
  },
  {
    "node_1": "方名\t生肌散",
    "relation": "functions",
    "node_2": "功能主治\t临床主要用于治疗痈疽"
  },
  {
    "node_1": "方名\t生肌散",
    "relation": "functions",
    "node_2": "功能主治\t临床主要用于治疗溃疡性结肠炎"
  },
  {
    "node_1": "方名\t生肌散",
    "relation": "functions",
    "node_2": "功能主治\t主治疮口腐肉已脱"
  },
  {
    "node_1": "方名\t生肌散",
    "relation": "functions",
    "node_2": "功能主治\t活血祛腐"
  },
  {
    "node_1": "方名\t生肌散",
    "relation": "functions",
    "node_2": "功能主治\t主治痈疽疮疖"
  },
  {
    "node_1": "方名\t生肌散",
    "relation": "functions",
    "node_2": "功能主治\t生肌敛疮"
  },
  {
    "node_1": "方名\t生肌散",
    "relation": "functions",
    "node_2": "功能主治\t临床主要用于治疗宫颈糜烂"
  },
  {
    "node_1": "方名\t生肌散",
    "relation": "prescription type",
    "node_2": "处方\t生肌散"
  },
  {
    "node_1": "处方\t生肌散",
    "relation": "composition",
    "node_2": "中药名\t石膏",
    "weight": "一两(各30克)"
  },
  {
    "node_1": "处方\t生肌散",
    "relation": "composition",
    "node_2": "中药名\t轻粉",
    "weight": "一两(各30克)"
  },
  {
    "node_1": "处方\t生肌散",
    "relation": "composition",
    "node_2": "中药名\t赤石脂",
    "weight": "一两(各30克)"
  },
  {
    "node_1": "处方\t生肌散",
    "relation": "composition",
    "node_2": "中药名\t黄丹(飞)",
    "weight": "二钱(6克)"
  },
  {
    "node_1": "处方\t生肌散",
    "relation": "composition",
    "node_2": "中药名\t龙骨",
    "weight": "三钱(各9克)"
  },
  {
    "node_1": "处方\t生肌散",
    "relation": "composition",
    "node_2": "中药名\t血竭",
    "weight": "三钱(各9克)"
  },
  {
    "node_1": "处方\t生肌散",
    "relation": "composition",
    "node_2": "中药名\t乳香",
    "weight": "三钱(各9克)"
  },
  {
    "node_1": "处方\t生肌散",
    "relation": "composition",
    "node_2": "中药名\t樟脑",
    "weight": "三钱(各9克)"
  }
]