[
  {
    "node_1": "方剂\t方剂",
    "relation": "include",
    "node_2": "方名\t荆防败毒散"
  },
  {
    "node_1": "方名\t荆防败毒散",
    "relation": "from",
    "node_2": "来源\t明·《摄生众妙方》"
  },
  {
    "node_1": "方名\t荆防败毒散",
    "relation": "functions",
    "node_2": "功能主治\t流行性腮腺炎"
  },
  {
    "node_1": "方名\t荆防败毒散",
    "relation": "functions",
    "node_2": "功能主治\t玫瑰糠疹"
  },
  {
    "node_1": "方名\t荆防败毒散",
    "relation": "functions",
    "node_2": "功能主治\t病毒性角膜炎"
  },
  {
    "node_1": "方名\t荆防败毒散",
    "relation": "functions",
    "node_2": "功能主治\t多发性神经炎"
  },
  {
    "node_1": "方名\t荆防败毒散",
    "relation": "functions",
    "node_2": "功能主治\t散风祛湿"
  },
  {
    "node_1": "方名\t荆防败毒散",
    "relation": "functions",
    "node_2": "功能主治\t小儿痢疾"
  },
  {
    "node_1": "方名\t荆防败毒散",
    "relation": "functions",
    "node_2": "功能主治\t夜咳"
  },
  {
    "node_1": "方名\t荆防败毒散",
    "relation": "functions",
    "node_2": "功能主治\t荨麻疹"
  },
  {
    "node_1": "方名\t荆防败毒散",
    "relation": "functions",
    "node_2": "功能主治\t口腔感染"
  },
  {
    "node_1": "方名\t荆防败毒散",
    "relation": "functions",
    "node_2": "功能主治\t乳痈"
  },
  {
    "node_1": "方名\t荆防败毒散",
    "relation": "functions",
    "node_2": "功能主治\t临床报道尚见于治疗带状疱疹"
  },
  {
    "node_1": "方名\t荆防败毒散",
    "relation": "functions",
    "node_2": "功能主治\t肿痛发热"
  },
  {
    "node_1": "方名\t荆防败毒散",
    "relation": "functions",
    "node_2": "功能主治\t肾病蛋白尿"
  },
  {
    "node_1": "方名\t荆防败毒散",
    "relation": "functions",
    "node_2": "功能主治\t眼睑皮肤炎"
  },
  {
    "node_1": "方名\t荆防败毒散",
    "relation": "functions",
    "node_2": "功能主治\t胸闷咳嗽"
  },
  {
    "node_1": "方名\t荆防败毒散",
    "relation": "functions",
    "node_2": "功能主治\t水痘"
  },
  {
    "node_1": "方名\t荆防败毒散",
    "relation": "functions",
    "node_2": "功能主治\t左手脉浮数者"
  },
  {
    "node_1": "方名\t荆防败毒散",
    "relation": "functions",
    "node_2": "功能主治\t发汗解表"
  },
  {
    "node_1": "方名\t荆防败毒散",
    "relation": "functions",
    "node_2": "功能主治\t痈"
  },
  {
    "node_1": "方名\t荆防败毒散",
    "relation": "functions",
    "node_2": "功能主治\t髋关节滑膜炎"
  },
  {
    "node_1": "方名\t荆防败毒散",
    "relation": "functions",
    "node_2": "功能主治\t老年性瘙痒症"
  },
  {
    "node_1": "方名\t荆防败毒散",
    "relation": "functions",
    "node_2": "功能主治\t寒哮"
  },
  {
    "node_1": "方名\t荆防败毒散",
    "relation": "functions",
    "node_2": "功能主治\t过敏性皮炎"
  },
  {
    "node_1": "方名\t荆防败毒散",
    "relation": "functions",
    "node_2": "功能主治\t类风湿关节炎"
  },
  {
    "node_1": "方名\t荆防败毒散",
    "relation": "functions",
    "node_2": "功能主治\t妊娠高热"
  },
  {
    "node_1": "方名\t荆防败毒散",
    "relation": "functions",
    "node_2": "功能主治\t麦粒肿"
  },
  {
    "node_1": "方名\t荆防败毒散",
    "relation": "functions",
    "node_2": "功能主治\t主外感风寒初起"
  },
  {
    "node_1": "方名\t荆防败毒散",
    "relation": "functions",
    "node_2": "功能主治\t苔白脉浮"
  },
  {
    "node_1": "方名\t荆防败毒散",
    "relation": "functions",
    "node_2": "功能主治\t临床主要用于治疗急性上呼吸道感染"
  },
  {
    "node_1": "方名\t荆防败毒散",
    "relation": "functions",
    "node_2": "功能主治\t恶寒发热"
  },
  {
    "node_1": "方名\t荆防败毒散",
    "relation": "functions",
    "node_2": "功能主治\t痰多色白"
  },
  {
    "node_1": "方名\t荆防败毒散",
    "relation": "functions",
    "node_2": "功能主治\t一切疮疡肿毒"
  },
  {
    "node_1": "方名\t荆防败毒散",
    "relation": "functions",
    "node_2": "功能主治\t特应性皮炎"
  },
  {
    "node_1": "方名\t荆防败毒散",
    "relation": "functions",
    "node_2": "功能主治\t本方治疗感冒流感有良效"
  },
  {
    "node_1": "方名\t荆防败毒散",
    "relation": "functions",
    "node_2": "功能主治\t结膜炎"
  },
  {
    "node_1": "方名\t荆防败毒散",
    "relation": "functions",
    "node_2": "功能主治\t头疼身痛"
  },
  {
    "node_1": "方名\t荆防败毒散",
    "relation": "functions",
    "node_2": "功能主治\t坐骨神经痛"
  },
  {
    "node_1": "方名\t荆防败毒散",
    "relation": "functions",
    "node_2": "功能主治\t眩晕"
  },
  {
    "node_1": "方名\t荆防败毒散",
    "relation": "prescription type",
    "node_2": "处方\t荆防败毒散"
  },
  {
    "node_1": "处方\t荆防败毒散",
    "relation": "composition",
    "node_2": "中药名\t柴胡",
    "weight": "3g"
  },
  {
    "node_1": "处方\t荆防败毒散",
    "relation": "composition",
    "node_2": "中药名\t甘草",
    "weight": "3g"
  },
  {
    "node_1": "处方\t荆防败毒散",
    "relation": "composition",
    "node_2": "中药名\t人参",
    "weight": "3g"
  },
  {
    "node_1": "处方\t荆防败毒散",
    "relation": "composition",
    "node_2": "中药名\t桔梗",
    "weight": "3g"
  },
  {
    "node_1": "处方\t荆防败毒散",
    "relation": "composition",
    "node_2": "中药名\t川芎",
    "weight": "3g"
  },
  {
    "node_1": "处方\t荆防败毒散",
    "relation": "composition",
    "node_2": "中药名\t茯苓",
    "weight": "3g"
  },
  {
    "node_1": "处方\t荆防败毒散",
    "relation": "composition",
    "node_2": "中药名\t枳壳",
    "weight": "3g"
  },
  {
    "node_1": "处方\t荆防败毒散",
    "relation": "composition",
    "node_2": "中药名\t前胡",
    "weight": "3g"
  },
  {
    "node_1": "处方\t荆防败毒散",
    "relation": "composition",
    "node_2": "中药名\t羌活",
    "weight": "3g"
  },
  {
    "node_1": "处方\t荆防败毒散",
    "relation": "composition",
    "node_2": "中药名\t独活",
    "weight": "3g"
  },
  {
    "node_1": "处方\t荆防败毒散",
    "relation": "composition",
    "node_2": "中药名\t荆芥穗",
    "weight": "3g"
  },
  {
    "node_1": "处方\t荆防败毒散",
    "relation": "composition",
    "node_2": "中药名\t防风",
    "weight": "3g"
  }
]