[
  {
    "node_1": "方剂\t方剂",
    "relation": "include",
    "node_2": "方名\t白通汤"
  },
  {
    "node_1": "方名\t白通汤",
    "relation": "from",
    "node_2": "来源\t《伤寒论》"
  },
  {
    "node_1": "方名\t白通汤",
    "relation": "functions",
    "node_2": "功能主治\t脉微"
  },
  {
    "node_1": "方名\t白通汤",
    "relation": "functions",
    "node_2": "功能主治\t阴寒盛于下焦"
  },
  {
    "node_1": "方名\t白通汤",
    "relation": "functions",
    "node_2": "功能主治\t辛温通阳"
  },
  {
    "node_1": "方名\t白通汤",
    "relation": "functions",
    "node_2": "功能主治\t手足厥逆"
  },
  {
    "node_1": "方名\t白通汤",
    "relation": "functions",
    "node_2": "功能主治\t大便自利"
  },
  {
    "node_1": "方名\t白通汤",
    "relation": "functions",
    "node_2": "功能主治\t面赤脉微之戴阳证"
  },
  {
    "node_1": "方名\t白通汤",
    "relation": "functions",
    "node_2": "功能主治\t伤寒发热"
  },
  {
    "node_1": "方名\t白通汤",
    "relation": "functions",
    "node_2": "功能主治\t防阴盛逼阳"
  },
  {
    "node_1": "方名\t白通汤",
    "relation": "functions",
    "node_2": "功能主治\t少阴病阴盛戴阳证"
  },
  {
    "node_1": "方名\t白通汤",
    "relation": "functions",
    "node_2": "功能主治\t下利"
  },
  {
    "node_1": "方名\t白通汤",
    "relation": "functions",
    "node_2": "功能主治\t通阳破阴"
  },
  {
    "node_1": "方名\t白通汤",
    "relation": "functions",
    "node_2": "功能主治\t通阳复脉"
  },
  {
    "node_1": "方名\t白通汤",
    "relation": "prescription type",
    "node_2": "处方\t白通汤"
  },
  {
    "node_1": "处方\t白通汤",
    "relation": "composition",
    "node_2": "中药名\t附子",
    "weight": "15克"
  },
  {
    "node_1": "处方\t白通汤",
    "relation": "composition",
    "node_2": "中药名\t干姜",
    "weight": "6克"
  },
  {
    "node_1": "处方\t白通汤",
    "relation": "composition",
    "node_2": "中药名\t葱白",
    "weight": "4根"
  }
]