[
  {
    "node_1": "方剂\t方剂",
    "relation": "include",
    "node_2": "方名\t加减葳蕤汤"
  },
  {
    "node_1": "方名\t加减葳蕤汤",
    "relation": "from",
    "node_2": "来源\t《通俗伤寒论》"
  },
  {
    "node_1": "方名\t加减葳蕤汤",
    "relation": "functions",
    "node_2": "功能主治\t咳嗽"
  },
  {
    "node_1": "方名\t加减葳蕤汤",
    "relation": "functions",
    "node_2": "功能主治\t阴虚外感风热证"
  },
  {
    "node_1": "方名\t加减葳蕤汤",
    "relation": "functions",
    "node_2": "功能主治\t心烦"
  },
  {
    "node_1": "方名\t加减葳蕤汤",
    "relation": "functions",
    "node_2": "功能主治\t咽干"
  },
  {
    "node_1": "方名\t加减葳蕤汤",
    "relation": "functions",
    "node_2": "功能主治\t舌红"
  },
  {
    "node_1": "方名\t加减葳蕤汤",
    "relation": "functions",
    "node_2": "功能主治\t口渴"
  },
  {
    "node_1": "方名\t加减葳蕤汤",
    "relation": "functions",
    "node_2": "功能主治\t微恶风寒"
  },
  {
    "node_1": "方名\t加减葳蕤汤",
    "relation": "functions",
    "node_2": "功能主治\t无汗或有汗不多"
  },
  {
    "node_1": "方名\t加减葳蕤汤",
    "relation": "functions",
    "node_2": "功能主治\t头痛身热"
  },
  {
    "node_1": "方名\t加减葳蕤汤",
    "relation": "functions",
    "node_2": "功能主治\t脉数"
  },
  {
    "node_1": "方名\t加减葳蕤汤",
    "relation": "prescription type",
    "node_2": "处方\t加减葳蕤汤"
  },
  {
    "node_1": "处方\t加减葳蕤汤",
    "relation": "composition",
    "node_2": "中药名\t生葳蕤",
    "weight": "9g"
  },
  {
    "node_1": "处方\t加减葳蕤汤",
    "relation": "composition",
    "node_2": "中药名\t淡豆豉",
    "weight": "9g"
  },
  {
    "node_1": "处方\t加减葳蕤汤",
    "relation": "composition",
    "node_2": "中药名\t红枣",
    "weight": "二枚"
  },
  {
    "node_1": "处方\t加减葳蕤汤",
    "relation": "composition",
    "node_2": "中药名\t生葱白",
    "weight": "6g"
  },
  {
    "node_1": "处方\t加减葳蕤汤",
    "relation": "composition",
    "node_2": "中药名\t炙甘草",
    "weight": "1.5g"
  },
  {
    "node_1": "处方\t加减葳蕤汤",
    "relation": "composition",
    "node_2": "中药名\t桔梗",
    "weight": "5g"
  },
  {
    "node_1": "处方\t加减葳蕤汤",
    "relation": "composition",
    "node_2": "中药名\t苏薄荷",
    "weight": "5g"
  },
  {
    "node_1": "处方\t加减葳蕤汤",
    "relation": "composition",
    "node_2": "中药名\t东白薇",
    "weight": "3g"
  }
]