[
  {
    "node_1": "方剂\t方剂",
    "relation": "include",
    "node_2": "方名\t柴葛解肌汤（又名“干葛解肌汤”“葛根解肌汤”“柴胡解肌汤”）"
  },
  {
    "node_1": "方名\t柴葛解肌汤（又名“干葛解肌汤”“葛根解肌汤”“柴胡解肌汤”）",
    "relation": "from",
    "node_2": "来源\t《伤寒六书》"
  },
  {
    "node_1": "方名\t柴葛解肌汤（又名“干葛解肌汤”“葛根解肌汤”“柴胡解肌汤”）",
    "relation": "functions",
    "node_2": "功能主治\t郁而化热证"
  },
  {
    "node_1": "方名\t柴葛解肌汤（又名“干葛解肌汤”“葛根解肌汤”“柴胡解肌汤”）",
    "relation": "functions",
    "node_2": "功能主治\t身热增盛"
  },
  {
    "node_1": "方名\t柴葛解肌汤（又名“干葛解肌汤”“葛根解肌汤”“柴胡解肌汤”）",
    "relation": "functions",
    "node_2": "功能主治\t眼眶痛"
  },
  {
    "node_1": "方名\t柴葛解肌汤（又名“干葛解肌汤”“葛根解肌汤”“柴胡解肌汤”）",
    "relation": "functions",
    "node_2": "功能主治\t脉浮微洪"
  },
  {
    "node_1": "方名\t柴葛解肌汤（又名“干葛解肌汤”“葛根解肌汤”“柴胡解肌汤”）",
    "relation": "functions",
    "node_2": "功能主治\t外感风寒"
  },
  {
    "node_1": "方名\t柴葛解肌汤（又名“干葛解肌汤”“葛根解肌汤”“柴胡解肌汤”）",
    "relation": "functions",
    "node_2": "功能主治\t恶寒渐轻"
  },
  {
    "node_1": "方名\t柴葛解肌汤（又名“干葛解肌汤”“葛根解肌汤”“柴胡解肌汤”）",
    "relation": "functions",
    "node_2": "功能主治\t目疼鼻干"
  },
  {
    "node_1": "方名\t柴葛解肌汤（又名“干葛解肌汤”“葛根解肌汤”“柴胡解肌汤”）",
    "relation": "functions",
    "node_2": "功能主治\t心烦不眠"
  },
  {
    "node_1": "方名\t柴葛解肌汤（又名“干葛解肌汤”“葛根解肌汤”“柴胡解肌汤”）",
    "relation": "functions",
    "node_2": "功能主治\t舌苔薄黄"
  },
  {
    "node_1": "方名\t柴葛解肌汤（又名“干葛解肌汤”“葛根解肌汤”“柴胡解肌汤”）",
    "relation": "functions",
    "node_2": "功能主治\t无汗头痛"
  },
  {
    "node_1": "方名\t柴葛解肌汤（又名“干葛解肌汤”“葛根解肌汤”“柴胡解肌汤”）",
    "relation": "functions",
    "node_2": "功能主治\t咽干耳聋"
  },
  {
    "node_1": "方名\t柴葛解肌汤（又名“干葛解肌汤”“葛根解肌汤”“柴胡解肌汤”）",
    "relation": "prescription type",
    "node_2": "处方\t柴葛解肌汤（又名“干葛解肌汤”“葛根解肌汤”“柴胡解肌汤”）"
  },
  {
    "node_1": "处方\t柴葛解肌汤（又名“干葛解肌汤”“葛根解肌汤”“柴胡解肌汤”）",
    "relation": "composition",
    "node_2": "中药名\t柴胡",
    "weight": "6g"
  },
  {
    "node_1": "处方\t柴葛解肌汤（又名“干葛解肌汤”“葛根解肌汤”“柴胡解肌汤”）",
    "relation": "composition",
    "node_2": "中药名\t干葛",
    "weight": "9g"
  },
  {
    "node_1": "处方\t柴葛解肌汤（又名“干葛解肌汤”“葛根解肌汤”“柴胡解肌汤”）",
    "relation": "composition",
    "node_2": "中药名\t甘草",
    "weight": "3g"
  },
  {
    "node_1": "处方\t柴葛解肌汤（又名“干葛解肌汤”“葛根解肌汤”“柴胡解肌汤”）",
    "relation": "composition",
    "node_2": "中药名\t黄芩",
    "weight": "6g"
  },
  {
    "node_1": "处方\t柴葛解肌汤（又名“干葛解肌汤”“葛根解肌汤”“柴胡解肌汤”）",
    "relation": "composition",
    "node_2": "中药名\t羌活",
    "weight": "3g"
  },
  {
    "node_1": "处方\t柴葛解肌汤（又名“干葛解肌汤”“葛根解肌汤”“柴胡解肌汤”）",
    "relation": "composition",
    "node_2": "中药名\t白芷",
    "weight": "3g"
  },
  {
    "node_1": "处方\t柴葛解肌汤（又名“干葛解肌汤”“葛根解肌汤”“柴胡解肌汤”）",
    "relation": "composition",
    "node_2": "中药名\t芍药",
    "weight": "6g"
  },
  {
    "node_1": "处方\t柴葛解肌汤（又名“干葛解肌汤”“葛根解肌汤”“柴胡解肌汤”）",
    "relation": "composition",
    "node_2": "中药名\t桔梗",
    "weight": "3g"
  },
  {
    "node_1": "处方\t柴葛解肌汤（又名“干葛解肌汤”“葛根解肌汤”“柴胡解肌汤”）",
    "relation": "composition",
    "node_2": "中药名\t石膏",
    "weight": "3g"
  }
]