[
  {
    "node_1": "方剂\t方剂",
    "relation": "include",
    "node_2": "方名\t桑菊飲"
  },
  {
    "node_1": "方名\t桑菊飲",
    "relation": "from",
    "node_2": "来源\t《温病条辨》"
  },
  {
    "node_1": "方名\t桑菊飲",
    "relation": "functions",
    "node_2": "功能主治\t身热不甚"
  },
  {
    "node_1": "方名\t桑菊飲",
    "relation": "functions",
    "node_2": "功能主治\t风温初起"
  },
  {
    "node_1": "方名\t桑菊飲",
    "relation": "functions",
    "node_2": "功能主治\t脉浮数"
  },
  {
    "node_1": "方名\t桑菊飲",
    "relation": "functions",
    "node_2": "功能主治\t口微渴"
  },
  {
    "node_1": "方名\t桑菊飲",
    "relation": "functions",
    "node_2": "功能主治\t表热轻证"
  },
  {
    "node_1": "方名\t桑菊飲",
    "relation": "functions",
    "node_2": "功能主治\t但咳"
  },
  {
    "node_1": "方名\t桑菊飲",
    "relation": "prescription type",
    "node_2": "处方\t桑菊飲"
  },
  {
    "node_1": "处方\t桑菊飲",
    "relation": "composition",
    "node_2": "中药名\t桑叶",
    "weight": "二钱五分（7.5g）"
  },
  {
    "node_1": "处方\t桑菊飲",
    "relation": "composition",
    "node_2": "中药名\t菊花",
    "weight": "一钱（3g）"
  },
  {
    "node_1": "处方\t桑菊飲",
    "relation": "composition",
    "node_2": "中药名\t杏仁",
    "weight": "二钱（6g）"
  },
  {
    "node_1": "处方\t桑菊飲",
    "relation": "composition",
    "node_2": "中药名\t连翘",
    "weight": "一钱五分（5g）"
  },
  {
    "node_1": "处方\t桑菊飲",
    "relation": "composition",
    "node_2": "中药名\t薄荷",
    "weight": "八分（2.5g）"
  },
  {
    "node_1": "处方\t桑菊飲",
    "relation": "composition",
    "node_2": "中药名\t苦桔梗",
    "weight": "二钱（6g）"
  },
  {
    "node_1": "处方\t桑菊飲",
    "relation": "composition",
    "node_2": "中药名\t甘草",
    "weight": "八分（2.5g）"
  },
  {
    "node_1": "处方\t桑菊飲",
    "relation": "composition",
    "node_2": "中药名\t苇根",
    "weight": "二钱（6g）"
  }
]