[
  {
    "node_1": "方剂\t方剂",
    "relation": "include",
    "node_2": "方名\t芍药汤"
  },
  {
    "node_1": "方名\t芍药汤",
    "relation": "from",
    "node_2": "来源\t《素问病机气宜保命集》"
  },
  {
    "node_1": "方名\t芍药汤",
    "relation": "functions",
    "node_2": "功能主治\t腹痛"
  },
  {
    "node_1": "方名\t芍药汤",
    "relation": "functions",
    "node_2": "功能主治\t赤白相兼"
  },
  {
    "node_1": "方名\t芍药汤",
    "relation": "functions",
    "node_2": "功能主治\t舌苔黄腻"
  },
  {
    "node_1": "方名\t芍药汤",
    "relation": "functions",
    "node_2": "功能主治\t小便短赤"
  },
  {
    "node_1": "方名\t芍药汤",
    "relation": "functions",
    "node_2": "功能主治\t肛门灼热"
  },
  {
    "node_1": "方名\t芍药汤",
    "relation": "functions",
    "node_2": "功能主治\t脉弦数"
  },
  {
    "node_1": "方名\t芍药汤",
    "relation": "functions",
    "node_2": "功能主治\t便脓血"
  },
  {
    "node_1": "方名\t芍药汤",
    "relation": "functions",
    "node_2": "功能主治\t湿热痢疾"
  },
  {
    "node_1": "方名\t芍药汤",
    "relation": "functions",
    "node_2": "功能主治\t里急后重"
  },
  {
    "node_1": "方名\t芍药汤",
    "relation": "prescription type",
    "node_2": "处方\t芍药汤"
  },
  {
    "node_1": "处方\t芍药汤",
    "relation": "composition",
    "node_2": "中药名\t芍药",
    "weight": "30g"
  },
  {
    "node_1": "处方\t芍药汤",
    "relation": "composition",
    "node_2": "中药名\t当归",
    "weight": "15g"
  },
  {
    "node_1": "处方\t芍药汤",
    "relation": "composition",
    "node_2": "中药名\t黄连",
    "weight": "15g"
  },
  {
    "node_1": "处方\t芍药汤",
    "relation": "composition",
    "node_2": "中药名\t黄芩",
    "weight": "15g"
  },
  {
    "node_1": "处方\t芍药汤",
    "relation": "composition",
    "node_2": "中药名\t槟榔",
    "weight": "6g"
  },
  {
    "node_1": "处方\t芍药汤",
    "relation": "composition",
    "node_2": "中药名\t木香",
    "weight": "6g"
  },
  {
    "node_1": "处方\t芍药汤",
    "relation": "composition",
    "node_2": "中药名\t炙甘草",
    "weight": "6g"
  },
  {
    "node_1": "处方\t芍药汤",
    "relation": "composition",
    "node_2": "中药名\t大黄",
    "weight": "9g"
  },
  {
    "node_1": "处方\t芍药汤",
    "relation": "composition",
    "node_2": "中药名\t肉桂",
    "weight": "5g"
  }
]