[
  {
    "node_1": "方剂\t方剂",
    "relation": "include",
    "node_2": "方名\t葛根黄芩黄连汤"
  },
  {
    "node_1": "方名\t葛根黄芩黄连汤",
    "relation": "from",
    "node_2": "来源\t《伤寒论》"
  },
  {
    "node_1": "方名\t葛根黄芩黄连汤",
    "relation": "functions",
    "node_2": "功能主治\t心下痞"
  },
  {
    "node_1": "方名\t葛根黄芩黄连汤",
    "relation": "functions",
    "node_2": "功能主治\t苔黄"
  },
  {
    "node_1": "方名\t葛根黄芩黄连汤",
    "relation": "functions",
    "node_2": "功能主治\t身热"
  },
  {
    "node_1": "方名\t葛根黄芩黄连汤",
    "relation": "functions",
    "node_2": "功能主治\t肛门有灼热感"
  },
  {
    "node_1": "方名\t葛根黄芩黄连汤",
    "relation": "functions",
    "node_2": "功能主治\t喘而汗出"
  },
  {
    "node_1": "方名\t葛根黄芩黄连汤",
    "relation": "functions",
    "node_2": "功能主治\t热邪入里"
  },
  {
    "node_1": "方名\t葛根黄芩黄连汤",
    "relation": "functions",
    "node_2": "功能主治\t下利臭秽"
  },
  {
    "node_1": "方名\t葛根黄芩黄连汤",
    "relation": "functions",
    "node_2": "功能主治\t胸脘烦热"
  },
  {
    "node_1": "方名\t葛根黄芩黄连汤",
    "relation": "functions",
    "node_2": "功能主治\t脉数"
  },
  {
    "node_1": "方名\t葛根黄芩黄连汤",
    "relation": "functions",
    "node_2": "功能主治\t口干而渴"
  },
  {
    "node_1": "方名\t葛根黄芩黄连汤",
    "relation": "functions",
    "node_2": "功能主治\t主治外感表证未解"
  },
  {
    "node_1": "方名\t葛根黄芩黄连汤",
    "relation": "prescription type",
    "node_2": "处方\t葛根黄芩黄连汤"
  },
  {
    "node_1": "处方\t葛根黄芩黄连汤",
    "relation": "composition",
    "node_2": "中药名\t葛根",
    "weight": "15克"
  },
  {
    "node_1": "处方\t葛根黄芩黄连汤",
    "relation": "composition",
    "node_2": "中药名\t甘草",
    "weight": "6克（蜜炙）"
  },
  {
    "node_1": "处方\t葛根黄芩黄连汤",
    "relation": "composition",
    "node_2": "中药名\t黄芩",
    "weight": "9克"
  },
  {
    "node_1": "处方\t葛根黄芩黄连汤",
    "relation": "composition",
    "node_2": "中药名\t黄连",
    "weight": "9克"
  }
]