[
  {
    "node_1": "方剂\t方剂",
    "relation": "include",
    "node_2": "方名\t苏合香丸"
  },
  {
    "node_1": "方名\t苏合香丸",
    "relation": "from",
    "node_2": "来源\t《外台秘要》"
  },
  {
    "node_1": "方名\t苏合香丸",
    "relation": "functions",
    "node_2": "功能主治\t脉迟"
  },
  {
    "node_1": "方名\t苏合香丸",
    "relation": "functions",
    "node_2": "功能主治\t甚则昏厥属于寒闭证者"
  },
  {
    "node_1": "方名\t苏合香丸",
    "relation": "functions",
    "node_2": "功能主治\t不省人事"
  },
  {
    "node_1": "方名\t苏合香丸",
    "relation": "functions",
    "node_2": "功能主治\t苔白"
  },
  {
    "node_1": "方名\t苏合香丸",
    "relation": "functions",
    "node_2": "功能主治\t突然昏倒"
  },
  {
    "node_1": "方名\t苏合香丸",
    "relation": "functions",
    "node_2": "功能主治\t牙关紧闭"
  },
  {
    "node_1": "方名\t苏合香丸",
    "relation": "functions",
    "node_2": "功能主治\t心腹卒痛"
  },
  {
    "node_1": "方名\t苏合香丸",
    "relation": "functions",
    "node_2": "功能主治\t寒闭证"
  },
  {
    "node_1": "方名\t苏合香丸",
    "relation": "prescription type",
    "node_2": "处方\t苏合香丸"
  },
  {
    "node_1": "处方\t苏合香丸",
    "relation": "composition",
    "node_2": "中药名\t苏合香",
    "weight": "半两 (15g)"
  },
  {
    "node_1": "处方\t苏合香丸",
    "relation": "composition",
    "node_2": "中药名\t冰片",
    "weight": "半两 (15g)"
  },
  {
    "node_1": "处方\t苏合香丸",
    "relation": "composition",
    "node_2": "中药名\t乳香",
    "weight": "半两 (15g)"
  },
  {
    "node_1": "处方\t苏合香丸",
    "relation": "composition",
    "node_2": "中药名\t麝香",
    "weight": "一两 (30g)"
  },
  {
    "node_1": "处方\t苏合香丸",
    "relation": "composition",
    "node_2": "中药名\t安息香",
    "weight": "一两 (30g)"
  },
  {
    "node_1": "处方\t苏合香丸",
    "relation": "composition",
    "node_2": "中药名\t木香",
    "weight": "一两 (30g)"
  },
  {
    "node_1": "处方\t苏合香丸",
    "relation": "composition",
    "node_2": "中药名\t香附",
    "weight": "一两 (30g)"
  },
  {
    "node_1": "处方\t苏合香丸",
    "relation": "composition",
    "node_2": "中药名\t白檀香",
    "weight": "一两 (30g)"
  },
  {
    "node_1": "处方\t苏合香丸",
    "relation": "composition",
    "node_2": "中药名\t丁香",
    "weight": "一两 (30g)"
  },
  {
    "node_1": "处方\t苏合香丸",
    "relation": "composition",
    "node_2": "中药名\t沉香",
    "weight": "一两 (30g)"
  },
  {
    "node_1": "处方\t苏合香丸",
    "relation": "composition",
    "node_2": "中药名\t荜茇",
    "weight": "一两 (30g)"
  },
  {
    "node_1": "处方\t苏合香丸",
    "relation": "composition",
    "node_2": "中药名\t吃力伽",
    "weight": "一两 (30g)"
  },
  {
    "node_1": "处方\t苏合香丸",
    "relation": "composition",
    "node_2": "中药名\t诃子皮",
    "weight": "一两 (30g)"
  },
  {
    "node_1": "处方\t苏合香丸",
    "relation": "composition",
    "node_2": "中药名\t朱砂",
    "weight": "一两 (30g)"
  },
  {
    "node_1": "处方\t苏合香丸",
    "relation": "composition",
    "node_2": "中药名\t犀角",
    "weight": "一两 (水牛角浓缩粉代，65g)"
  }
]