[
  {
    "node_1": "方剂\t方剂",
    "relation": "include",
    "node_2": "方名\t乌梅丸"
  },
  {
    "node_1": "方名\t乌梅丸",
    "relation": "from",
    "node_2": "来源\t《伤寒论》"
  },
  {
    "node_1": "方名\t乌梅丸",
    "relation": "functions",
    "node_2": "功能主治\t烦闷呕吐"
  },
  {
    "node_1": "方名\t乌梅丸",
    "relation": "functions",
    "node_2": "功能主治\t治反胃呕吐"
  },
  {
    "node_1": "方名\t乌梅丸",
    "relation": "functions",
    "node_2": "功能主治\t得食则呕"
  },
  {
    "node_1": "方名\t乌梅丸",
    "relation": "functions",
    "node_2": "功能主治\t甚至呕出蛔虫"
  },
  {
    "node_1": "方名\t乌梅丸",
    "relation": "functions",
    "node_2": "功能主治\t腹痛时作"
  },
  {
    "node_1": "方名\t乌梅丸",
    "relation": "functions",
    "node_2": "功能主治\t治久痢"
  },
  {
    "node_1": "方名\t乌梅丸",
    "relation": "functions",
    "node_2": "功能主治\t胃热肠寒的蛔厥证"
  },
  {
    "node_1": "方名\t乌梅丸",
    "relation": "functions",
    "node_2": "功能主治\t手足厥冷"
  },
  {
    "node_1": "方名\t乌梅丸",
    "relation": "prescription type",
    "node_2": "处方\t乌梅丸"
  },
  {
    "node_1": "处方\t乌梅丸",
    "relation": "composition",
    "node_2": "中药名\t乌梅",
    "weight": "三百枚 (480g)"
  },
  {
    "node_1": "处方\t乌梅丸",
    "relation": "composition",
    "node_2": "中药名\t细辛",
    "weight": "六两 (180g)"
  },
  {
    "node_1": "处方\t乌梅丸",
    "relation": "composition",
    "node_2": "中药名\t干姜",
    "weight": "十两 (300g)"
  },
  {
    "node_1": "处方\t乌梅丸",
    "relation": "composition",
    "node_2": "中药名\t黄连",
    "weight": "十六两 (480g)"
  },
  {
    "node_1": "处方\t乌梅丸",
    "relation": "composition",
    "node_2": "中药名\t当归",
    "weight": "四两 (120g)"
  },
  {
    "node_1": "处方\t乌梅丸",
    "relation": "composition",
    "node_2": "中药名\t附子",
    "weight": "六两，炮去皮 (180g)"
  },
  {
    "node_1": "处方\t乌梅丸",
    "relation": "composition",
    "node_2": "中药名\t蜀椒",
    "weight": "四两，出汗 (120g)"
  },
  {
    "node_1": "处方\t乌梅丸",
    "relation": "composition",
    "node_2": "中药名\t桂枝",
    "weight": "六两，去皮 (180g)"
  },
  {
    "node_1": "处方\t乌梅丸",
    "relation": "composition",
    "node_2": "中药名\t人参",
    "weight": "六两 (180g)"
  },
  {
    "node_1": "处方\t乌梅丸",
    "relation": "composition",
    "node_2": "中药名\t黄柏",
    "weight": "六两 (180g)"
  }
]