[
  {
    "node_1": "方剂\t方剂",
    "relation": "include",
    "node_2": "方名\t蒿芩清胆汤"
  },
  {
    "node_1": "方名\t蒿芩清胆汤",
    "relation": "from",
    "node_2": "来源\t《重订通俗伤寒论》"
  },
  {
    "node_1": "方名\t蒿芩清胆汤",
    "relation": "functions",
    "node_2": "功能主治\t小便黄少"
  },
  {
    "node_1": "方名\t蒿芩清胆汤",
    "relation": "functions",
    "node_2": "功能主治\t少阳湿热证"
  },
  {
    "node_1": "方名\t蒿芩清胆汤",
    "relation": "functions",
    "node_2": "功能主治\t间见杂色"
  },
  {
    "node_1": "方名\t蒿芩清胆汤",
    "relation": "functions",
    "node_2": "功能主治\t舌红苔白腻"
  },
  {
    "node_1": "方名\t蒿芩清胆汤",
    "relation": "functions",
    "node_2": "功能主治\t或呕黄涎而黏"
  },
  {
    "node_1": "方名\t蒿芩清胆汤",
    "relation": "functions",
    "node_2": "功能主治\t吐酸苦水"
  },
  {
    "node_1": "方名\t蒿芩清胆汤",
    "relation": "functions",
    "node_2": "功能主治\t寒热如疟"
  },
  {
    "node_1": "方名\t蒿芩清胆汤",
    "relation": "functions",
    "node_2": "功能主治\t脉数而右滑左弦者"
  },
  {
    "node_1": "方名\t蒿芩清胆汤",
    "relation": "functions",
    "node_2": "功能主治\t胸胁胀疼"
  },
  {
    "node_1": "方名\t蒿芩清胆汤",
    "relation": "functions",
    "node_2": "功能主治\t口苦膈闷"
  },
  {
    "node_1": "方名\t蒿芩清胆汤",
    "relation": "functions",
    "node_2": "功能主治\t甚则干呕呃逆"
  },
  {
    "node_1": "方名\t蒿芩清胆汤",
    "relation": "functions",
    "node_2": "功能主治\t寒轻热重"
  },
  {
    "node_1": "方名\t蒿芩清胆汤",
    "relation": "prescription type",
    "node_2": "处方\t蒿芩清胆汤"
  },
  {
    "node_1": "处方\t蒿芩清胆汤",
    "relation": "composition",
    "node_2": "中药名\t青蒿脑",
    "weight": "钱半至二钱 (4.5~6g)"
  },
  {
    "node_1": "处方\t蒿芩清胆汤",
    "relation": "composition",
    "node_2": "中药名\t淡竹茹",
    "weight": "三钱 (9g)"
  },
  {
    "node_1": "处方\t蒿芩清胆汤",
    "relation": "composition",
    "node_2": "中药名\t仙半夏",
    "weight": "钱半 (4.5g)"
  },
  {
    "node_1": "处方\t蒿芩清胆汤",
    "relation": "composition",
    "node_2": "中药名\t赤茯苓",
    "weight": "三钱 (9g)"
  },
  {
    "node_1": "处方\t蒿芩清胆汤",
    "relation": "composition",
    "node_2": "中药名\t青子芩",
    "weight": "钱半至三钱 (4.5g~9g)"
  },
  {
    "node_1": "处方\t蒿芩清胆汤",
    "relation": "composition",
    "node_2": "中药名\t生枳壳",
    "weight": "钱半 (4.5g)"
  },
  {
    "node_1": "处方\t蒿芩清胆汤",
    "relation": "composition",
    "node_2": "中药名\t陈广皮",
    "weight": "钱半 (4.5g)"
  },
  {
    "node_1": "处方\t蒿芩清胆汤",
    "relation": "composition",
    "node_2": "中药名\t碧玉散",
    "weight": "三钱 (9g)"
  },
  {
    "node_1": "处方\t蒿芩清胆汤",
    "relation": "composition",
    "node_2": "中药名\t滑石",
    "weight": "适量"
  },
  {
    "node_1": "处方\t蒿芩清胆汤",
    "relation": "composition",
    "node_2": "中药名\t甘草",
    "weight": "适量"
  },
  {
    "node_1": "处方\t蒿芩清胆汤",
    "relation": "composition",
    "node_2": "中药名\t青黛",
    "weight": "适量"
  }
]