[
  {
    "node_1": "方剂\t方剂",
    "relation": "include",
    "node_2": "方名\t回阳救急汤"
  },
  {
    "node_1": "方名\t回阳救急汤",
    "relation": "from",
    "node_2": "来源\t《伤寒六书》"
  },
  {
    "node_1": "方名\t回阳救急汤",
    "relation": "functions",
    "node_2": "功能主治\t舌淡苔白"
  },
  {
    "node_1": "方名\t回阳救急汤",
    "relation": "functions",
    "node_2": "功能主治\t四肢厥冷"
  },
  {
    "node_1": "方名\t回阳救急汤",
    "relation": "functions",
    "node_2": "功能主治\t恶寒蜷卧"
  },
  {
    "node_1": "方名\t回阳救急汤",
    "relation": "functions",
    "node_2": "功能主治\t吐泻腹痛"
  },
  {
    "node_1": "方名\t回阳救急汤",
    "relation": "functions",
    "node_2": "功能主治\t身寒战栗"
  },
  {
    "node_1": "方名\t回阳救急汤",
    "relation": "functions",
    "node_2": "功能主治\t指甲口唇青紫"
  },
  {
    "node_1": "方名\t回阳救急汤",
    "relation": "functions",
    "node_2": "功能主治\t无脉"
  },
  {
    "node_1": "方名\t回阳救急汤",
    "relation": "functions",
    "node_2": "功能主治\t口不渴"
  },
  {
    "node_1": "方名\t回阳救急汤",
    "relation": "functions",
    "node_2": "功能主治\t脉沉微"
  },
  {
    "node_1": "方名\t回阳救急汤",
    "relation": "functions",
    "node_2": "功能主治\t神衰欲寐"
  },
  {
    "node_1": "方名\t回阳救急汤",
    "relation": "functions",
    "node_2": "功能主治\t寒邪直中三阴"
  },
  {
    "node_1": "方名\t回阳救急汤",
    "relation": "functions",
    "node_2": "功能主治\t真阳衰微证"
  },
  {
    "node_1": "方名\t回阳救急汤",
    "relation": "functions",
    "node_2": "功能主治\t吐涎沫"
  },
  {
    "node_1": "方名\t回阳救急汤",
    "relation": "prescription type",
    "node_2": "处方\t回阳救急汤"
  },
  {
    "node_1": "处方\t回阳救急汤",
    "relation": "composition",
    "node_2": "中药名\t熟附子",
    "weight": "9g"
  },
  {
    "node_1": "处方\t回阳救急汤",
    "relation": "composition",
    "node_2": "中药名\t干姜",
    "weight": "6g"
  },
  {
    "node_1": "处方\t回阳救急汤",
    "relation": "composition",
    "node_2": "中药名\t人参",
    "weight": "6g"
  },
  {
    "node_1": "处方\t回阳救急汤",
    "relation": "composition",
    "node_2": "中药名\t炙甘草",
    "weight": "6g"
  },
  {
    "node_1": "处方\t回阳救急汤",
    "relation": "composition",
    "node_2": "中药名\t白术炒",
    "weight": "9g"
  },
  {
    "node_1": "处方\t回阳救急汤",
    "relation": "composition",
    "node_2": "中药名\t肉桂",
    "weight": "3g"
  },
  {
    "node_1": "处方\t回阳救急汤",
    "relation": "composition",
    "node_2": "中药名\t陈皮",
    "weight": "6g"
  },
  {
    "node_1": "处方\t回阳救急汤",
    "relation": "composition",
    "node_2": "中药名\t五味子",
    "weight": "3g"
  },
  {
    "node_1": "处方\t回阳救急汤",
    "relation": "composition",
    "node_2": "中药名\t茯苓",
    "weight": "9g"
  },
  {
    "node_1": "处方\t回阳救急汤",
    "relation": "composition",
    "node_2": "中药名\t半夏制",
    "weight": "9g"
  }
]