[
  {
    "node_1": "方剂\t方剂",
    "relation": "include",
    "node_2": "方名\t槐花散"
  },
  {
    "node_1": "方名\t槐花散",
    "relation": "from",
    "node_2": "来源\t《普济本事方》"
  },
  {
    "node_1": "方名\t槐花散",
    "relation": "functions",
    "node_2": "功能主治\t痔疮出血"
  },
  {
    "node_1": "方名\t槐花散",
    "relation": "functions",
    "node_2": "功能主治\t风热湿毒"
  },
  {
    "node_1": "方名\t槐花散",
    "relation": "functions",
    "node_2": "功能主治\t损伤血络证"
  },
  {
    "node_1": "方名\t槐花散",
    "relation": "functions",
    "node_2": "功能主治\t舌红苔黄脉数"
  },
  {
    "node_1": "方名\t槐花散",
    "relation": "functions",
    "node_2": "功能主治\t便前出血"
  },
  {
    "node_1": "方名\t槐花散",
    "relation": "functions",
    "node_2": "功能主治\t粪中带血"
  },
  {
    "node_1": "方名\t槐花散",
    "relation": "functions",
    "node_2": "功能主治\t便后出血"
  },
  {
    "node_1": "方名\t槐花散",
    "relation": "functions",
    "node_2": "功能主治\t壅遏肠道"
  },
  {
    "node_1": "方名\t槐花散",
    "relation": "functions",
    "node_2": "功能主治\t血色鲜红或晦暗"
  },
  {
    "node_1": "方名\t槐花散",
    "relation": "prescription type",
    "node_2": "处方\t槐花散"
  },
  {
    "node_1": "处方\t槐花散",
    "relation": "composition",
    "node_2": "中药名\t槐花(炒)",
    "weight": "12g"
  },
  {
    "node_1": "处方\t槐花散",
    "relation": "composition",
    "node_2": "中药名\t柏叶(杵，焙)",
    "weight": "12g"
  },
  {
    "node_1": "处方\t槐花散",
    "relation": "composition",
    "node_2": "中药名\t荆芥穗",
    "weight": "6g"
  },
  {
    "node_1": "处方\t槐花散",
    "relation": "composition",
    "node_2": "中药名\t枳壳(麸炒)",
    "weight": "6g"
  }
]