[
  {
    "node_1": "方剂\t方剂",
    "relation": "include",
    "node_2": "方名\t金铃子散"
  },
  {
    "node_1": "方名\t金铃子散",
    "relation": "from",
    "node_2": "来源\t《太平聖惠方》錄自《袖珍方》"
  },
  {
    "node_1": "方名\t金铃子散",
    "relation": "functions",
    "node_2": "功能主治\t舌红苔黄"
  },
  {
    "node_1": "方名\t金铃子散",
    "relation": "functions",
    "node_2": "功能主治\t心胸胁肋脘腹诸痛"
  },
  {
    "node_1": "方名\t金铃子散",
    "relation": "functions",
    "node_2": "功能主治\t时发时止"
  },
  {
    "node_1": "方名\t金铃子散",
    "relation": "functions",
    "node_2": "功能主治\t口苦"
  },
  {
    "node_1": "方名\t金铃子散",
    "relation": "functions",
    "node_2": "功能主治\t脉弦数"
  },
  {
    "node_1": "方名\t金铃子散",
    "relation": "functions",
    "node_2": "功能主治\t肝郁化火证"
  },
  {
    "node_1": "方名\t金铃子散",
    "relation": "prescription type",
    "node_2": "处方\t金铃子散"
  },
  {
    "node_1": "处方\t金铃子散",
    "relation": "composition",
    "node_2": "中药名\t金铃子",
    "weight": "30g"
  },
  {
    "node_1": "处方\t金铃子散",
    "relation": "composition",
    "node_2": "中药名\t玄胡",
    "weight": "30g"
  }
]