[
  {
    "node_1": "方剂\t方剂",
    "relation": "include",
    "node_2": "方名\t旋覆代赭汤"
  },
  {
    "node_1": "方名\t旋覆代赭汤",
    "relation": "from",
    "node_2": "来源\t《伤寒论》"
  },
  {
    "node_1": "方名\t旋覆代赭汤",
    "relation": "functions",
    "node_2": "功能主治\t脉缓或滑"
  },
  {
    "node_1": "方名\t旋覆代赭汤",
    "relation": "functions",
    "node_2": "功能主治\t呃逆"
  },
  {
    "node_1": "方名\t旋覆代赭汤",
    "relation": "functions",
    "node_2": "功能主治\t按之不痛"
  },
  {
    "node_1": "方名\t旋覆代赭汤",
    "relation": "functions",
    "node_2": "功能主治\t纳差"
  },
  {
    "node_1": "方名\t旋覆代赭汤",
    "relation": "functions",
    "node_2": "功能主治\t舌苔白腻"
  },
  {
    "node_1": "方名\t旋覆代赭汤",
    "relation": "functions",
    "node_2": "功能主治\t恶心"
  },
  {
    "node_1": "方名\t旋覆代赭汤",
    "relation": "functions",
    "node_2": "功能主治\t胃脘痞闷或胀满"
  },
  {
    "node_1": "方名\t旋覆代赭汤",
    "relation": "functions",
    "node_2": "功能主治\t呕吐"
  },
  {
    "node_1": "方名\t旋覆代赭汤",
    "relation": "functions",
    "node_2": "功能主治\t频频嗳气"
  },
  {
    "node_1": "方名\t旋覆代赭汤",
    "relation": "functions",
    "node_2": "功能主治\t胃虚痰阻气逆证"
  },
  {
    "node_1": "方名\t旋覆代赭汤",
    "relation": "prescription type",
    "node_2": "处方\t旋覆代赭汤"
  },
  {
    "node_1": "处方\t旋覆代赭汤",
    "relation": "composition",
    "node_2": "中药名\t旋覆花",
    "weight": "9g"
  },
  {
    "node_1": "处方\t旋覆代赭汤",
    "relation": "composition",
    "node_2": "中药名\t半夏(洗)",
    "weight": "9g"
  },
  {
    "node_1": "处方\t旋覆代赭汤",
    "relation": "composition",
    "node_2": "中药名\t甘草(炙)",
    "weight": "9g"
  },
  {
    "node_1": "处方\t旋覆代赭汤",
    "relation": "composition",
    "node_2": "中药名\t人参",
    "weight": "6g"
  },
  {
    "node_1": "处方\t旋覆代赭汤",
    "relation": "composition",
    "node_2": "中药名\t代赭石",
    "weight": "6g"
  },
  {
    "node_1": "处方\t旋覆代赭汤",
    "relation": "composition",
    "node_2": "中药名\t生姜",
    "weight": "15g"
  },
  {
    "node_1": "处方\t旋覆代赭汤",
    "relation": "composition",
    "node_2": "中药名\t大枣(擘)",
    "weight": "4枚"
  }
]