[
  {
    "node_1": "方剂\t方剂",
    "relation": "include",
    "node_2": "方名\t桂苓甘露飲"
  },
  {
    "node_1": "方名\t桂苓甘露飲",
    "relation": "from",
    "node_2": "来源\t《黄帝素问宣明论方》"
  },
  {
    "node_1": "方名\t桂苓甘露飲",
    "relation": "functions",
    "node_2": "功能主治\t小便不利"
  },
  {
    "node_1": "方名\t桂苓甘露飲",
    "relation": "functions",
    "node_2": "功能主治\t霍乱吐下"
  },
  {
    "node_1": "方名\t桂苓甘露飲",
    "relation": "functions",
    "node_2": "功能主治\t发热头痛"
  },
  {
    "node_1": "方名\t桂苓甘露飲",
    "relation": "functions",
    "node_2": "功能主治\t暑湿证"
  },
  {
    "node_1": "方名\t桂苓甘露飲",
    "relation": "functions",
    "node_2": "功能主治\t烦渴引饮"
  },
  {
    "node_1": "方名\t桂苓甘露飲",
    "relation": "prescription type",
    "node_2": "处方\t桂苓甘露飲"
  },
  {
    "node_1": "处方\t桂苓甘露飲",
    "relation": "composition",
    "node_2": "中药名\t滑石",
    "weight": "30g"
  },
  {
    "node_1": "处方\t桂苓甘露飲",
    "relation": "composition",
    "node_2": "中药名\t猪苓",
    "weight": "15g"
  },
  {
    "node_1": "处方\t桂苓甘露飲",
    "relation": "composition",
    "node_2": "中药名\t石膏",
    "weight": "30g"
  },
  {
    "node_1": "处方\t桂苓甘露飲",
    "relation": "composition",
    "node_2": "中药名\t寒水石",
    "weight": "30g"
  },
  {
    "node_1": "处方\t桂苓甘露飲",
    "relation": "composition",
    "node_2": "中药名\t泽泻",
    "weight": "15g"
  },
  {
    "node_1": "处方\t桂苓甘露飲",
    "relation": "composition",
    "node_2": "中药名\t茯苓",
    "weight": "15g"
  },
  {
    "node_1": "处方\t桂苓甘露飲",
    "relation": "composition",
    "node_2": "中药名\t白术",
    "weight": "12g"
  },
  {
    "node_1": "处方\t桂苓甘露飲",
    "relation": "composition",
    "node_2": "中药名\t官桂",
    "weight": "3g"
  },
  {
    "node_1": "处方\t桂苓甘露飲",
    "relation": "composition",
    "node_2": "中药名\t甘草",
    "weight": "15g"
  }
]