[
  {
    "node_1": "方剂\t方剂",
    "relation": "include",
    "node_2": "方名\t当归拈痛汤"
  },
  {
    "node_1": "方名\t当归拈痛汤",
    "relation": "from",
    "node_2": "来源\t《医学启源》"
  },
  {
    "node_1": "方名\t当归拈痛汤",
    "relation": "functions",
    "node_2": "功能主治\t遍身肢节烦痛"
  },
  {
    "node_1": "方名\t当归拈痛汤",
    "relation": "functions",
    "node_2": "功能主治\t利湿清热"
  },
  {
    "node_1": "方名\t当归拈痛汤",
    "relation": "functions",
    "node_2": "功能主治\t湿热相搏，外受风邪证"
  },
  {
    "node_1": "方名\t当归拈痛汤",
    "relation": "functions",
    "node_2": "功能主治\t肩背沉重"
  },
  {
    "node_1": "方名\t当归拈痛汤",
    "relation": "functions",
    "node_2": "功能主治\t舌苔白腻微黄"
  },
  {
    "node_1": "方名\t当归拈痛汤",
    "relation": "functions",
    "node_2": "功能主治\t脚膝生疮"
  },
  {
    "node_1": "方名\t当归拈痛汤",
    "relation": "functions",
    "node_2": "功能主治\t疏风止痛"
  },
  {
    "node_1": "方名\t当归拈痛汤",
    "relation": "functions",
    "node_2": "功能主治\t脚气肿痛"
  },
  {
    "node_1": "方名\t当归拈痛汤",
    "relation": "functions",
    "node_2": "功能主治\t脉弦数"
  },
  {
    "node_1": "方名\t当归拈痛汤",
    "relation": "prescription type",
    "node_2": "处方\t当归拈痛汤"
  },
  {
    "node_1": "处方\t当归拈痛汤",
    "relation": "composition",
    "node_2": "中药名\t羌活",
    "weight": "15g"
  },
  {
    "node_1": "处方\t当归拈痛汤",
    "relation": "composition",
    "node_2": "中药名\t甘草",
    "weight": "15g"
  },
  {
    "node_1": "处方\t当归拈痛汤",
    "relation": "composition",
    "node_2": "中药名\t茵陈(酒炒)",
    "weight": "15g"
  },
  {
    "node_1": "处方\t当归拈痛汤",
    "relation": "composition",
    "node_2": "中药名\t防风",
    "weight": "9g"
  },
  {
    "node_1": "处方\t当归拈痛汤",
    "relation": "composition",
    "node_2": "中药名\t苍术",
    "weight": "9g"
  },
  {
    "node_1": "处方\t当归拈痛汤",
    "relation": "composition",
    "node_2": "中药名\t当归身",
    "weight": "9g"
  },
  {
    "node_1": "处方\t当归拈痛汤",
    "relation": "composition",
    "node_2": "中药名\t知母(酒洗)",
    "weight": "9g"
  },
  {
    "node_1": "处方\t当归拈痛汤",
    "relation": "composition",
    "node_2": "中药名\t猪苓",
    "weight": "9g"
  },
  {
    "node_1": "处方\t当归拈痛汤",
    "relation": "composition",
    "node_2": "中药名\t泽泻",
    "weight": "9g"
  },
  {
    "node_1": "处方\t当归拈痛汤",
    "relation": "composition",
    "node_2": "中药名\t升麻",
    "weight": "3g"
  },
  {
    "node_1": "处方\t当归拈痛汤",
    "relation": "composition",
    "node_2": "中药名\t白术",
    "weight": "3g"
  },
  {
    "node_1": "处方\t当归拈痛汤",
    "relation": "composition",
    "node_2": "中药名\t黄芩(炒)",
    "weight": "3g"
  },
  {
    "node_1": "处方\t当归拈痛汤",
    "relation": "composition",
    "node_2": "中药名\t葛根",
    "weight": "6g"
  },
  {
    "node_1": "处方\t当归拈痛汤",
    "relation": "composition",
    "node_2": "中药名\t人参",
    "weight": "6g"
  },
  {
    "node_1": "处方\t当归拈痛汤",
    "relation": "composition",
    "node_2": "中药名\t苦参(酒浸)",
    "weight": "6g"
  }
]