[
  {
    "node_1": "方剂\t方剂",
    "relation": "include",
    "node_2": "方名\t麻子仁丸 (脾約丸)"
  },
  {
    "node_1": "方名\t麻子仁丸 (脾約丸)",
    "relation": "from",
    "node_2": "来源\t《伤寒论》"
  },
  {
    "node_1": "方名\t麻子仁丸 (脾約丸)",
    "relation": "functions",
    "node_2": "功能主治\t肠胃燥热"
  },
  {
    "node_1": "方名\t麻子仁丸 (脾約丸)",
    "relation": "functions",
    "node_2": "功能主治\t脾约便秘证"
  },
  {
    "node_1": "方名\t麻子仁丸 (脾約丸)",
    "relation": "functions",
    "node_2": "功能主治\t润肠泻热"
  },
  {
    "node_1": "方名\t麻子仁丸 (脾約丸)",
    "relation": "functions",
    "node_2": "功能主治\t小便频数"
  },
  {
    "node_1": "方名\t麻子仁丸 (脾約丸)",
    "relation": "functions",
    "node_2": "功能主治\t苔微黄少津"
  },
  {
    "node_1": "方名\t麻子仁丸 (脾約丸)",
    "relation": "functions",
    "node_2": "功能主治\t大便干结"
  },
  {
    "node_1": "方名\t麻子仁丸 (脾約丸)",
    "relation": "functions",
    "node_2": "功能主治\t行气通便"
  }
]