[
  {
    "node_1": "方剂\t方剂",
    "relation": "include",
    "node_2": "方名\t补中益气汤"
  },
  {
    "node_1": "方名\t补中益气汤",
    "relation": "from",
    "node_2": "来源\t《内外伤辨惑论》"
  },
  {
    "node_1": "方名\t补中益气汤",
    "relation": "functions",
    "node_2": "功能主治\t补中益气"
  },
  {
    "node_1": "方名\t补中益气汤",
    "relation": "functions",
    "node_2": "功能主治\t升阳举陷"
  },
  {
    "node_1": "方名\t补中益气汤",
    "relation": "prescription type",
    "node_2": "处方\t补中益气汤"
  },
  {
    "node_1": "处方\t补中益气汤",
    "relation": "composition",
    "node_2": "中药名\t黄芪",
    "weight": "15g"
  },
  {
    "node_1": "处方\t补中益气汤",
    "relation": "composition",
    "node_2": "中药名\t人参",
    "weight": "15g"
  },
  {
    "node_1": "处方\t补中益气汤",
    "relation": "composition",
    "node_2": "中药名\t党参",
    "weight": "15g"
  },
  {
    "node_1": "处方\t补中益气汤",
    "relation": "composition",
    "node_2": "中药名\t白术",
    "weight": "10g"
  },
  {
    "node_1": "处方\t补中益气汤",
    "relation": "composition",
    "node_2": "中药名\t炙甘草",
    "weight": "15g"
  },
  {
    "node_1": "处方\t补中益气汤",
    "relation": "composition",
    "node_2": "中药名\t当归",
    "weight": "10g"
  },
  {
    "node_1": "处方\t补中益气汤",
    "relation": "composition",
    "node_2": "中药名\t陈皮",
    "weight": "6g"
  },
  {
    "node_1": "处方\t补中益气汤",
    "relation": "composition",
    "node_2": "中药名\t升麻",
    "weight": "6g"
  },
  {
    "node_1": "处方\t补中益气汤",
    "relation": "composition",
    "node_2": "中药名\t柴胡",
    "weight": "12g"
  },
  {
    "node_1": "处方\t补中益气汤",
    "relation": "composition",
    "node_2": "中药名\t生姜",
    "weight": "9片"
  },
  {
    "node_1": "处方\t补中益气汤",
    "relation": "composition",
    "node_2": "中药名\t大枣",
    "weight": "6枚"
  }
]