[
  {
    "node_1": "方剂\t方剂",
    "relation": "include",
    "node_2": "方名\t玉屏风散"
  },
  {
    "node_1": "方名\t玉屏风散",
    "relation": "from",
    "node_2": "来源\t《医方类聚》"
  },
  {
    "node_1": "方名\t玉屏风散",
    "relation": "functions",
    "node_2": "功能主治\t脉浮虚"
  },
  {
    "node_1": "方名\t玉屏风散",
    "relation": "functions",
    "node_2": "功能主治\t虚人腠理不固"
  },
  {
    "node_1": "方名\t玉屏风散",
    "relation": "functions",
    "node_2": "功能主治\t表虚自汗"
  },
  {
    "node_1": "方名\t玉屏风散",
    "relation": "functions",
    "node_2": "功能主治\t舌淡苔薄白"
  },
  {
    "node_1": "方名\t玉屏风散",
    "relation": "functions",
    "node_2": "功能主治\t面色白光白"
  },
  {
    "node_1": "方名\t玉屏风散",
    "relation": "functions",
    "node_2": "功能主治\t益气固表止汗"
  },
  {
    "node_1": "方名\t玉屏风散",
    "relation": "functions",
    "node_2": "功能主治\t易感风邪"
  },
  {
    "node_1": "方名\t玉屏风散",
    "relation": "functions",
    "node_2": "功能主治\t汗出恶风"
  },
  {
    "node_1": "方名\t玉屏风散",
    "relation": "prescription type",
    "node_2": "处方\t玉屏风散"
  },
  {
    "node_1": "处方\t玉屏风散",
    "relation": "composition",
    "node_2": "中药名\t防风",
    "weight": "一两 (30g)"
  },
  {
    "node_1": "处方\t玉屏风散",
    "relation": "composition",
    "node_2": "中药名\t黄芪",
    "weight": "二两 (各60g)"
  },
  {
    "node_1": "处方\t玉屏风散",
    "relation": "composition",
    "node_2": "中药名\t白术",
    "weight": "二两 (各60g)"
  }
]