[
  {
    "node_1": "方剂\t方剂",
    "relation": "include",
    "node_2": "方名\t一贯煎"
  },
  {
    "node_1": "方名\t一贯煎",
    "relation": "from",
    "node_2": "来源\t《续名医类案》"
  },
  {
    "node_1": "方名\t一贯煎",
    "relation": "functions",
    "node_2": "功能主治\t吞酸吐苦"
  },
  {
    "node_1": "方名\t一贯煎",
    "relation": "functions",
    "node_2": "功能主治\t脉细弱或虚弦"
  },
  {
    "node_1": "方名\t一贯煎",
    "relation": "functions",
    "node_2": "功能主治\t胸脘胁痛"
  },
  {
    "node_1": "方名\t一贯煎",
    "relation": "functions",
    "node_2": "功能主治\t亦治疝气瘕聚"
  },
  {
    "node_1": "方名\t一贯煎",
    "relation": "functions",
    "node_2": "功能主治\t滋阴疏肝"
  },
  {
    "node_1": "方名\t一贯煎",
    "relation": "functions",
    "node_2": "功能主治\t舌红少津"
  },
  {
    "node_1": "方名\t一贯煎",
    "relation": "functions",
    "node_2": "功能主治\t肝肾阴虚，肝气郁滞证"
  },
  {
    "node_1": "方名\t一贯煎",
    "relation": "functions",
    "node_2": "功能主治\t咽干口燥"
  },
  {
    "node_1": "方名\t一贯煎",
    "relation": "prescription type",
    "node_2": "处方\t一贯煎"
  },
  {
    "node_1": "处方\t一贯煎",
    "relation": "composition",
    "node_2": "中药名\t北沙参",
    "weight": "9g"
  },
  {
    "node_1": "处方\t一贯煎",
    "relation": "composition",
    "node_2": "中药名\t麦冬",
    "weight": "9g"
  },
  {
    "node_1": "处方\t一贯煎",
    "relation": "composition",
    "node_2": "中药名\t当归身",
    "weight": "9g"
  },
  {
    "node_1": "处方\t一贯煎",
    "relation": "composition",
    "node_2": "中药名\t生地黄",
    "weight": "18-30g"
  },
  {
    "node_1": "处方\t一贯煎",
    "relation": "composition",
    "node_2": "中药名\t枸杞子",
    "weight": "9-18g"
  },
  {
    "node_1": "处方\t一贯煎",
    "relation": "composition",
    "node_2": "中药名\t川楝子",
    "weight": "4.5g"
  }
]