[
  {
    "node_1": "方剂\t方剂",
    "relation": "include",
    "node_2": "方名\t癫狂梦醒汤"
  },
  {
    "node_1": "方名\t癫狂梦醒汤",
    "relation": "from",
    "node_2": "来源\t《医林改错》"
  },
  {
    "node_1": "方名\t癫狂梦醒汤",
    "relation": "functions",
    "node_2": "功能主治\t活血理气"
  },
  {
    "node_1": "方名\t癫狂梦醒汤",
    "relation": "functions",
    "node_2": "功能主治\t痫症(癫痫发作)"
  },
  {
    "node_1": "方名\t癫狂梦醒汤",
    "relation": "functions",
    "node_2": "功能主治\t厥症（气厥、血厥）"
  },
  {
    "node_1": "方名\t癫狂梦醒汤",
    "relation": "functions",
    "node_2": "功能主治\t脑血栓"
  },
  {
    "node_1": "方名\t癫狂梦醒汤",
    "relation": "functions",
    "node_2": "功能主治\t狂症(精神分裂症)"
  },
  {
    "node_1": "方名\t癫狂梦醒汤",
    "relation": "functions",
    "node_2": "功能主治\t老年性痴呆"
  },
  {
    "node_1": "方名\t癫狂梦醒汤",
    "relation": "functions",
    "node_2": "功能主治\t癫狂，症见面色晦滞、舌质紫暗、舌下脉络瘀阻、脉沉涩者"
  },
  {
    "node_1": "方名\t癫狂梦醒汤",
    "relation": "functions",
    "node_2": "功能主治\t解郁化痰"
  },
  {
    "node_1": "方名\t癫狂梦醒汤",
    "relation": "functions",
    "node_2": "功能主治\t中风"
  },
  {
    "node_1": "方名\t癫狂梦醒汤",
    "relation": "functions",
    "node_2": "功能主治\t脑栓塞"
  },
  {
    "node_1": "方名\t癫狂梦醒汤",
    "relation": "functions",
    "node_2": "功能主治\t癫症(癔病)"
  },
  {
    "node_1": "方名\t癫狂梦醒汤",
    "relation": "functions",
    "node_2": "功能主治\t痰气郁结、表情淡漠、神志呆痴、不思饮食、脉弦滑者"
  },
  {
    "node_1": "方名\t癫狂梦醒汤",
    "relation": "functions",
    "node_2": "功能主治\t脑血管痉挛"
  },
  {
    "node_1": "方名\t癫狂梦醒汤",
    "relation": "functions",
    "node_2": "功能主治\t平肝散郁"
  },
  {
    "node_1": "方名\t癫狂梦醒汤",
    "relation": "prescription type",
    "node_2": "处方\t癫狂梦醒汤"
  },
  {
    "node_1": "处方\t癫狂梦醒汤",
    "relation": "composition",
    "node_2": "中药名\t桃仁",
    "weight": "24g"
  },
  {
    "node_1": "处方\t癫狂梦醒汤",
    "relation": "composition",
    "node_2": "中药名\t炙甘草",
    "weight": "15g"
  },
  {
    "node_1": "处方\t癫狂梦醒汤",
    "relation": "composition",
    "node_2": "中药名\t紫苏子",
    "weight": "12g"
  },
  {
    "node_1": "处方\t癫狂梦醒汤",
    "relation": "composition",
    "node_2": "中药名\t柴胡",
    "weight": "9g"
  },
  {
    "node_1": "处方\t癫狂梦醒汤",
    "relation": "composition",
    "node_2": "中药名\t木通",
    "weight": "9g"
  },
  {
    "node_1": "处方\t癫狂梦醒汤",
    "relation": "composition",
    "node_2": "中药名\t赤芍",
    "weight": "9g"
  },
  {
    "node_1": "处方\t癫狂梦醒汤",
    "relation": "composition",
    "node_2": "中药名\t大腹皮",
    "weight": "9g"
  },
  {
    "node_1": "处方\t癫狂梦醒汤",
    "relation": "composition",
    "node_2": "中药名\t陈皮",
    "weight": "9g"
  },
  {
    "node_1": "处方\t癫狂梦醒汤",
    "relation": "composition",
    "node_2": "中药名\t桑白皮",
    "weight": "9g"
  },
  {
    "node_1": "处方\t癫狂梦醒汤",
    "relation": "composition",
    "node_2": "中药名\t香附",
    "weight": "6g"
  },
  {
    "node_1": "处方\t癫狂梦醒汤",
    "relation": "composition",
    "node_2": "中药名\t半夏",
    "weight": "6g"
  },
  {
    "node_1": "处方\t癫狂梦醒汤",
    "relation": "composition",
    "node_2": "中药名\t青皮",
    "weight": "6g"
  }
]