[
  {
    "node_1": "方剂\t方剂",
    "relation": "include",
    "node_2": "方名\t定经汤"
  },
  {
    "node_1": "方名\t定经汤",
    "relation": "from",
    "node_2": "来源\t（《傅青主女科》卷上）"
  },
  {
    "node_1": "方名\t定经汤",
    "relation": "functions",
    "node_2": "功能主治\t舒肝肾之气"
  },
  {
    "node_1": "方名\t定经汤",
    "relation": "functions",
    "node_2": "功能主治\t或前或后无定期"
  },
  {
    "node_1": "方名\t定经汤",
    "relation": "functions",
    "node_2": "功能主治\t妇人经来断续"
  },
  {
    "node_1": "方名\t定经汤",
    "relation": "functions",
    "node_2": "功能主治\t补肝肾之精"
  },
  {
    "node_1": "方名\t定经汤",
    "relation": "prescription type",
    "node_2": "处方\t定经汤"
  },
  {
    "node_1": "处方\t定经汤",
    "relation": "composition",
    "node_2": "中药名\t菟丝子",
    "weight": "30克"
  },
  {
    "node_1": "处方\t定经汤",
    "relation": "composition",
    "node_2": "中药名\t白芍",
    "weight": "30克"
  },
  {
    "node_1": "处方\t定经汤",
    "relation": "composition",
    "node_2": "中药名\t当归",
    "weight": "30克"
  },
  {
    "node_1": "处方\t定经汤",
    "relation": "composition",
    "node_2": "中药名\t大熟地",
    "weight": "15克"
  },
  {
    "node_1": "处方\t定经汤",
    "relation": "composition",
    "node_2": "中药名\t山药",
    "weight": "15克"
  },
  {
    "node_1": "处方\t定经汤",
    "relation": "composition",
    "node_2": "中药名\t白茯苓",
    "weight": "9克"
  },
  {
    "node_1": "处方\t定经汤",
    "relation": "composition",
    "node_2": "中药名\t芥穗",
    "weight": "6克"
  },
  {
    "node_1": "处方\t定经汤",
    "relation": "composition",
    "node_2": "中药名\t柴胡",
    "weight": "15克"
  }
]